<?xml version = '1.0' encoding = 'UTF-8'?>
<RMDeletedMap class="oracle.dbtools.crest.model.xtdmapping.RMDeletedMap">
<mappings itemClass="oracle.dbtools.crest.model.xtdmapping.XtdMapping">
<delm id="653ABFC3-18E3E7A1DB025281C41C-D1697EED3B68" delID="5281C41C-C7E7-1ACD-8338-D1697EED3B68" oDP="5E8AE54C-35EB-580A-593A-F1ACD3859F06" oID="653ABFC3-62A1-7A26-6C9F-18E3E7A1DB02" oType="3" rSEnt="467E2B8F-4800-8293-3B3D-046E5A19DA75" rTEnt="1515E5FD-94D7-F4A0-A4D0-630BD174F209" tDP="FA9D8ECC-C3FC-E5D9-B5FD-C8935B87AA3E" tID="5281C41C-C7E7-1ACD-8338-D1697EED3B68" tType="8">
</delm>
<delm id="653ABFC3-18E3E7A1DB02CCD2DEDC-EB42C542294E" delID="CCD2DEDC-EB4D-83C7-DD47-EB42C542294E" oDP="5E8AE54C-35EB-580A-593A-F1ACD3859F06" oID="653ABFC3-62A1-7A26-6C9F-18E3E7A1DB02" oType="3" rSEnt="467E2B8F-4800-8293-3B3D-046E5A19DA75" rTEnt="1515E5FD-94D7-F4A0-A4D0-630BD174F209" tDP="FA9D8ECC-C3FC-E5D9-B5FD-C8935B87AA3E" tID="CCD2DEDC-EB4D-83C7-DD47-EB42C542294E" tType="8">
</delm>
<delm id="A152F4C4-A0D2414FCEFA772F768B-AF92C05FCB75" delID="772F768B-1227-01CA-FDC6-AF92C05FCB75" oDP="5E8AE54C-35EB-580A-593A-F1ACD3859F06" oID="A152F4C4-5F84-6678-02AA-A0D2414FCEFA" oType="3" rSEnt="057E7730-018E-0635-DB7E-5B2E1C91CD48" rTEnt="057E7730-018E-0635-DB7E-5B2E1C91CD48" tDP="FA9D8ECC-C3FC-E5D9-B5FD-C8935B87AA3E" tID="772F768B-1227-01CA-FDC6-AF92C05FCB75" tType="8">
</delm>
</mappings>
</RMDeletedMap>