<?xml version = '1.0' encoding = 'UTF-8'?>
<Diagram class="oracle.dbtools.crest.swingui.logical.DPVLogical" name="Logical" id="03C8C4DB-D4DC-D87F-61CF-09FC3825FB21">
<createdBy>mauri</createdBy>
<modifiedBy>mauri</modifiedBy>
<createdTime>2025-09-12 17:09:20 UTC</createdTime>
<autoRoute>false</autoRoute>
<boxInbox>true</boxInbox>
<showLegend>false</showLegend>
<showLabels>false</showLabels>
<showRelAttributes>false</showRelAttributes>
<gridEnabled>false</gridEnabled>
<showGrid>false</showGrid>
<diagramColor>-1</diagramColor>
<display>false</display>
<notation>1</notation>
<objectViews>
<OView class="oracle.dbtools.crest.swingui.logical.TVEntity" oid="057E7730-018E-0635-DB7E-5B2E1C91CD48" otype="Entity" vid="31ACD481-00CB-7B83-963E-B6C30A775171">
<hideElementsInCurrentOnly>false</hideElementsInCurrentOnly>
<bounds x="640" y="217" width="142" height="144"/>
</OView>
<OView class="oracle.dbtools.crest.swingui.logical.TVEntity" oid="1051A924-0E4A-372D-F697-F0DF0B51D81A" otype="Entity" vid="4F4D663E-3625-6195-C2BB-F184E00419EE">
<hideElementsInCurrentOnly>false</hideElementsInCurrentOnly>
<bounds x="349" y="234" width="114" height="54"/>
</OView>
<OView class="oracle.dbtools.crest.swingui.logical.TVEntity" oid="1515E5FD-94D7-F4A0-A4D0-630BD174F209" otype="Entity" vid="4A04CA8B-0F99-307E-5862-3F4F61819969">
<hideElementsInCurrentOnly>false</hideElementsInCurrentOnly>
<bounds x="225" y="496" width="172" height="40"/>
</OView>
<OView class="oracle.dbtools.crest.swingui.logical.TVEntity" oid="467E2B8F-4800-8293-3B3D-046E5A19DA75" otype="Entity" vid="FD64B15A-6F7B-68A5-D470-2A396119BC4A">
<hideElementsInCurrentOnly>false</hideElementsInCurrentOnly>
<bounds x="231" y="339" width="146" height="82"/>
</OView>
<OView class="oracle.dbtools.crest.swingui.logical.TVEntity" oid="6EB8B13E-9620-EDAD-0627-9BDC2038120A" otype="Entity" vid="CAB70D92-959A-3966-5060-03CFE3535EF6">
<hideElementsInCurrentOnly>false</hideElementsInCurrentOnly>
<bounds x="835" y="262" width="160" height="54"/>
</OView>
<OView class="oracle.dbtools.crest.swingui.logical.TVEntity" oid="9296AF67-0069-72EC-AB91-D0016041B079" otype="Entity" vid="2929BC6B-11F2-95F2-C130-DBFB884E730E">
<hideElementsInCurrentOnly>false</hideElementsInCurrentOnly>
<bounds x="1056" y="486" width="144" height="166"/>
</OView>
<OView class="oracle.dbtools.crest.swingui.logical.TVEntity" oid="969C9626-A099-EF61-74DB-4BEB8C917024" otype="Entity" vid="F4A9B1D1-2221-55A6-73D5-34070A7746E4">
<hideElementsInCurrentOnly>false</hideElementsInCurrentOnly>
<bounds x="1056" y="277" width="138" height="54"/>
</OView>
<OView class="oracle.dbtools.crest.swingui.logical.TVEntity" oid="976ECF15-3CC9-892D-D3E3-AC693DA661C8" otype="Entity" vid="C3260FBA-4A13-BD54-4262-15472F971B56">
<hideElementsInCurrentOnly>false</hideElementsInCurrentOnly>
<bounds x="669" y="643" width="144" height="68"/>
</OView>
<OView class="oracle.dbtools.crest.swingui.logical.TVEntity" oid="A818D5C5-891D-A0C5-D57B-E0D6995F27D3" otype="Entity" vid="6B3EF11F-D13A-B7A1-AA4C-2E98C633B75A">
<hideElementsInCurrentOnly>false</hideElementsInCurrentOnly>
<bounds x="228" y="621" width="178" height="82"/>
</OView>
<OView class="oracle.dbtools.crest.swingui.logical.TVEntity" oid="C7364209-90D0-FB9D-3BE0-E9F03508DFF6" otype="Entity" vid="996E7BB5-8121-BA5A-9002-92E3CFB4FB9F">
<hideElementsInCurrentOnly>false</hideElementsInCurrentOnly>
<bounds x="835" y="120" width="132" height="54"/>
</OView>
<OView class="oracle.dbtools.crest.swingui.logical.TVEntity" oid="D3EDD02C-8F4B-A268-59EA-49D896121A85" otype="Entity" vid="82EFAC85-70DD-8527-2D66-71AF53BBE0B9">
<hideElementsInCurrentOnly>false</hideElementsInCurrentOnly>
<bounds x="631" y="81" width="146" height="54"/>
</OView>
<OView class="oracle.dbtools.crest.swingui.logical.TVEntity" oid="F948A0DF-7470-BBB6-D50C-8A012CA720F8" otype="Entity" vid="C02AC3E3-02ED-9257-70EF-0D3462F50C47">
<hideElementsInCurrentOnly>false</hideElementsInCurrentOnly>
<bounds x="675" y="485" width="132" height="96"/>
</OView>
<OView class="oracle.dbtools.crest.swingui.logical.TVEntity" oid="FF122EF5-47F7-B80F-EC19-3CF34F2D14C9" otype="Entity" vid="49A7B1B9-9023-E746-859B-1DE1D57269F5">
<hideElementsInCurrentOnly>false</hideElementsInCurrentOnly>
<bounds x="452" y="504" width="130" height="54"/>
</OView>
<OView class="oracle.dbtools.crest.swingui.logical.TVEntity" oid="FFAAC28E-DA5B-8CB4-B0E5-61087F257ED5" otype="Entity" vid="A5509FF7-EE57-8747-9FC6-75F2F9642DA6">
<hideElementsInCurrentOnly>false</hideElementsInCurrentOnly>
<bounds x="1054" y="122" width="129" height="54"/>
</OView>
</objectViews>
<connectors>
<Connector class="oracle.dbtools.crest.swingui.logical.TVRelation" oid="01E1EB9C-A216-A2F6-BB0E-5FD7BFD76797" otype="Relation" vid_source="4F4D663E-3625-6195-C2BB-F184E00419EE" vid_target="31ACD481-00CB-7B83-963E-B6C30A775171">
<hideElementsInCurrentOnly>false</hideElementsInCurrentOnly>
<backgroundColor>-16777216</backgroundColor>
<lineWidth>1</lineWidth>
<points>
<point x="463" y="261"/>
<point x="640" y="261"/>
</points>
</Connector>
<Connector class="oracle.dbtools.crest.swingui.logical.TVRelation" oid="05EFCFB1-204F-F155-F029-ACD5A0B2F894" otype="Relation" vid_source="C02AC3E3-02ED-9257-70EF-0D3462F50C47" vid_target="49A7B1B9-9023-E746-859B-1DE1D57269F5">
<hideElementsInCurrentOnly>false</hideElementsInCurrentOnly>
<backgroundColor>-16777216</backgroundColor>
<lineWidth>1</lineWidth>
<points>
<point x="675" y="531"/>
<point x="582" y="531"/>
</points>
</Connector>
<Connector class="oracle.dbtools.crest.swingui.logical.TVRelation" oid="12315E09-83C4-3FDF-C376-C7BAD040EB21" otype="Relation" vid_source="CAB70D92-959A-3966-5060-03CFE3535EF6" vid_target="31ACD481-00CB-7B83-963E-B6C30A775171">
<hideElementsInCurrentOnly>false</hideElementsInCurrentOnly>
<backgroundColor>-16777216</backgroundColor>
<lineWidth>1</lineWidth>
<points>
<point x="835" y="304"/>
<point x="782" y="304"/>
</points>
</Connector>
<Connector class="oracle.dbtools.crest.swingui.logical.TVRelation" oid="25FC3D98-BA61-451A-996A-6475B718E1FB" otype="Relation" vid_source="82EFAC85-70DD-8527-2D66-71AF53BBE0B9" vid_target="31ACD481-00CB-7B83-963E-B6C30A775171">
<hideElementsInCurrentOnly>false</hideElementsInCurrentOnly>
<backgroundColor>-16777216</backgroundColor>
<lineWidth>1</lineWidth>
<points>
<point x="708" y="135"/>
<point x="708" y="217"/>
</points>
</Connector>
<Connector class="oracle.dbtools.crest.swingui.logical.TVRelation" oid="322AF571-E1CF-DF6D-3D09-B319C98FE498" otype="Relation" vid_source="996E7BB5-8121-BA5A-9002-92E3CFB4FB9F" vid_target="31ACD481-00CB-7B83-963E-B6C30A775171">
<hideElementsInCurrentOnly>false</hideElementsInCurrentOnly>
<backgroundColor>-16777216</backgroundColor>
<lineWidth>1</lineWidth>
<points>
<point x="864" y="174"/>
<point x="782" y="235"/>
</points>
</Connector>
<Connector class="oracle.dbtools.crest.swingui.logical.TVRelation" oid="465AD085-C45E-C0F2-A08C-EB6D2AA82BB6" otype="Relation" vid_source="CAB70D92-959A-3966-5060-03CFE3535EF6" vid_target="C02AC3E3-02ED-9257-70EF-0D3462F50C47">
<hideElementsInCurrentOnly>false</hideElementsInCurrentOnly>
<backgroundColor>-16777216</backgroundColor>
<lineWidth>1</lineWidth>
<points>
<point x="895" y="316"/>
<point x="775" y="485"/>
</points>
</Connector>
<Connector class="oracle.dbtools.crest.swingui.logical.TVRelation" oid="653ABFC3-62A1-7A26-6C9F-18E3E7A1DB02" otype="Relation" vid_source="FD64B15A-6F7B-68A5-D470-2A396119BC4A" vid_target="4A04CA8B-0F99-307E-5862-3F4F61819969">
<hideElementsInCurrentOnly>false</hideElementsInCurrentOnly>
<backgroundColor>-16777216</backgroundColor>
<lineWidth>1</lineWidth>
<points>
<point x="304" y="421"/>
<point x="304" y="496"/>
</points>
</Connector>
<Connector class="oracle.dbtools.crest.swingui.logical.TVRelation" oid="7CE069DB-04DA-4961-4A19-CF9D5768E421" otype="Relation" vid_source="F4A9B1D1-2221-55A6-73D5-34070A7746E4" vid_target="2929BC6B-11F2-95F2-C130-DBFB884E730E">
<hideElementsInCurrentOnly>false</hideElementsInCurrentOnly>
<backgroundColor>-16777216</backgroundColor>
<lineWidth>1</lineWidth>
<points>
<point x="1125" y="331"/>
<point x="1125" y="486"/>
</points>
</Connector>
<Connector class="oracle.dbtools.crest.swingui.logical.TVRelation" oid="901F8601-65D3-062D-97C1-C08CF5E5A262" otype="Relation" vid_source="6B3EF11F-D13A-B7A1-AA4C-2E98C633B75A" vid_target="4A04CA8B-0F99-307E-5862-3F4F61819969">
<hideElementsInCurrentOnly>false</hideElementsInCurrentOnly>
<backgroundColor>-16777216</backgroundColor>
<lineWidth>1</lineWidth>
<points>
<point x="312" y="621"/>
<point x="312" y="536"/>
</points>
</Connector>
<Connector class="oracle.dbtools.crest.swingui.logical.TVRelation" oid="9B91FF04-69EB-5AE3-691B-FB057F2CA3A0" otype="Relation" vid_source="C02AC3E3-02ED-9257-70EF-0D3462F50C47" vid_target="C3260FBA-4A13-BD54-4262-15472F971B56">
<hideElementsInCurrentOnly>false</hideElementsInCurrentOnly>
<backgroundColor>-16777216</backgroundColor>
<lineWidth>1</lineWidth>
<points>
<point x="741" y="581"/>
<point x="741" y="643"/>
</points>
</Connector>
<Connector class="oracle.dbtools.crest.swingui.logical.TVRelation" oid="A152F4C4-5F84-6678-02AA-A0D2414FCEFA" otype="Relation" vid_source="31ACD481-00CB-7B83-963E-B6C30A775171" vid_target="31ACD481-00CB-7B83-963E-B6C30A775171">
<hideElementsInCurrentOnly>false</hideElementsInCurrentOnly>
<backgroundColor>-16777216</backgroundColor>
<lineWidth>1</lineWidth>
<points>
<point x="640" y="309"/>
<point x="568" y="309"/>
<point x="568" y="393"/>
<point x="679" y="395"/>
<point x="679" y="361"/>
</points>
</Connector>
<Connector class="oracle.dbtools.crest.swingui.logical.TVRelation" oid="C3C7C00F-A425-43E0-E548-8F26E90F6275" otype="Relation" vid_source="49A7B1B9-9023-E746-859B-1DE1D57269F5" vid_target="4A04CA8B-0F99-307E-5862-3F4F61819969">
<hideElementsInCurrentOnly>false</hideElementsInCurrentOnly>
<backgroundColor>-16777216</backgroundColor>
<lineWidth>1</lineWidth>
<points>
<point x="452" y="520"/>
<point x="397" y="520"/>
</points>
</Connector>
<Connector class="oracle.dbtools.crest.swingui.logical.TVRelation" oid="D20A379F-3DF9-91F5-A4AB-79493441973A" otype="Relation" vid_source="31ACD481-00CB-7B83-963E-B6C30A775171" vid_target="C02AC3E3-02ED-9257-70EF-0D3462F50C47">
<hideElementsInCurrentOnly>false</hideElementsInCurrentOnly>
<backgroundColor>-16777216</backgroundColor>
<lineWidth>1</lineWidth>
<points>
<point x="728" y="361"/>
<point x="728" y="485"/>
</points>
</Connector>
<Connector class="oracle.dbtools.crest.swingui.logical.TVRelation" oid="D79E2AFC-40A4-44DB-17C1-4A906D9FAD8B" otype="Relation" vid_source="2929BC6B-11F2-95F2-C130-DBFB884E730E" vid_target="C02AC3E3-02ED-9257-70EF-0D3462F50C47">
<hideElementsInCurrentOnly>false</hideElementsInCurrentOnly>
<backgroundColor>-16777216</backgroundColor>
<lineWidth>1</lineWidth>
<points>
<point x="1056" y="533"/>
<point x="807" y="533"/>
</points>
</Connector>
<Connector class="oracle.dbtools.crest.swingui.logical.TVRelation" oid="F148BE20-679D-8326-6E8A-4F1700809D83" otype="Relation" vid_source="A5509FF7-EE57-8747-9FC6-75F2F9642DA6" vid_target="F4A9B1D1-2221-55A6-73D5-34070A7746E4">
<hideElementsInCurrentOnly>false</hideElementsInCurrentOnly>
<backgroundColor>-16777216</backgroundColor>
<lineWidth>1</lineWidth>
<points>
<point x="1119" y="176"/>
<point x="1119" y="277"/>
</points>
</Connector>
</connectors>
</Diagram>