<?xml version = '1.0' encoding = 'UTF-8'?>
<FKIndexAssociation class="oracle.dbtools.crest.model.design.relational.FKIndexAssociation" directorySegmentName="seg_0" id="B435E4FE-D7B8-9E66-0027-FDDFF399D245" containerWithKeyObject="61E209C8-901A-3F3D-4CDE-4E4ABEDA2284" localFKIndex="6C78E50D-BD14-806A-9BF7-4C64320A3BF7" name="MEDICO_MEDICO_FKv2">
<createdBy>mauri</createdBy>
<createdTime>2025-09-13 21:48:46 UTC</createdTime>
<generatorID>11E02815-5155-43D6-2306-C916A2C18B94</generatorID>
<ownerDesignName>CMU_SANRAFAEL</ownerDesignName>
<referredTableLongName>MEDICO</referredTableLongName>
<deleteRule>NO ACTION</deleteRule>
<referredTableID>61E209C8-901A-3F3D-4CDE-4E4ABEDA2284</referredTableID>
<keyObject>68118454-3F90-D735-C998-C87F6AD8C905</keyObject>
<referredKeyID>68118454-3F90-D735-C998-C87F6AD8C905</referredKeyID>
<mandatory>true</mandatory>
<refColNames>rut_medico</refColNames>
<transferable>true</transferable>
<rely>false</rely>
<columnDependencyConstraintGenerateInDDL>true</columnDependencyConstraintGenerateInDDL>
</FKIndexAssociation>