<?xml version = '1.0' encoding = 'UTF-8'?>
<FKIndexAssociation class="oracle.dbtools.crest.model.design.relational.FKIndexAssociation" directorySegmentName="seg_0" id="C0309238-F078-AB92-E7A7-630A87745111" containerWithKeyObject="4D429175-0985-85AC-2354-3CBF13FCFBCD" localFKIndex="F81832BD-677E-831A-D857-4D3066F00263" name="FK_ATENCION_MEDICA_PAGO_ATENCION">
<createdBy>mauri</createdBy>
<createdTime>2025-09-13 21:48:46 UTC</createdTime>
<generatorID>9B91FF04-69EB-5AE3-691B-FB057F2CA3A0</generatorID>
<ownerDesignName>CMU_SANRAFAEL</ownerDesignName>
<referredTableLongName>PAGO_ATENCION</referredTableLongName>
<deleteRule>NO ACTION</deleteRule>
<referredTableID>ADDB4A26-A73A-CC76-47E9-6DE3FA2C9E06</referredTableID>
<keyObject>5153EAF0-DD53-1081-E2AC-03B51BB210A6</keyObject>
<referredKeyID>5153EAF0-DD53-1081-E2AC-03B51BB210A6</referredKeyID>
<mandatory>true</mandatory>
<refColNames>id_pago</refColNames>
<transferable>true</transferable>
<rely>false</rely>
<columnDependencyConstraintGenerateInDDL>true</columnDependencyConstraintGenerateInDDL>
</FKIndexAssociation>