<?xml version = '1.0' encoding = 'UTF-8'?>
<FKIndexAssociation class="oracle.dbtools.crest.model.design.relational.FKIndexAssociation" directorySegmentName="seg_0" id="EACB7E31-24AA-BC5C-480C-3101635FA711" containerWithKeyObject="0C6344FA-CAC5-22AC-E0B0-C11DB54B0264" localFKIndex="2C1C405B-A813-DF51-5232-3DC93AD99626" name="FK_PACIENTE_COMUNA">
<createdBy>mauri</createdBy>
<createdTime>2025-09-13 21:48:46 UTC</createdTime>
<generatorID>7CE069DB-04DA-4961-4A19-CF9D5768E421</generatorID>
<ownerDesignName>CMU_SANRAFAEL</ownerDesignName>
<referredTableLongName>COMUNA</referredTableLongName>
<deleteRule>NO ACTION</deleteRule>
<referredTableID>40B269D3-B0B4-A6D9-E3C5-376BBE411FBC</referredTableID>
<keyObject>D09FC091-6435-90FE-6501-7AB2CF41F1A6</keyObject>
<referredKeyID>D09FC091-6435-90FE-6501-7AB2CF41F1A6</referredKeyID>
<mandatory>false</mandatory>
<refColNames>id_comuna</refColNames>
<transferable>true</transferable>
<rely>false</rely>
<columnDependencyConstraintGenerateInDDL>true</columnDependencyConstraintGenerateInDDL>
</FKIndexAssociation>