<?xml version = '1.0' encoding = 'UTF-8'?>
<Table class="oracle.dbtools.crest.model.design.relational.Table" directorySegmentName="seg_0" id="0C6344FA-CAC5-22AC-E0B0-C11DB54B0264" name="PACIENTE">
<createdBy>mauri</createdBy>
<createdTime>2025-09-13 21:48:46 UTC</createdTime>
<generatorID>9296AF67-0069-72EC-AB91-D0016041B079</generatorID>
<ownerDesignName>CMU_SANRAFAEL</ownerDesignName>
<allowColumnReorder>false</allowColumnReorder>
<existDependencyGenerateInDDl>true</existDependencyGenerateInDDl>
<parsed>true</parsed>
<columns itemClass="oracle.dbtools.crest.model.design.relational.Column">
<Column name="rut_paciente" id="DDF4A75E-F57B-9D08-970E-32D247314A22">
<createdBy>mauri</createdBy>
<createdTime>2025-09-13 21:48:46 UTC</createdTime>
<generatorID>2DE1F6AD-DFFE-3E44-F912-17B2360E2583</generatorID>
<ownerDesignName>CMU_SANRAFAEL</ownerDesignName>
<useDomainConstraints>false</useDomainConstraints>
<use>1</use>
<logicalDatatype>LOGDT024</logicalDatatype>
<dataTypeSize>12</dataTypeSize>
<ownDataTypeParameters>12,,</ownDataTypeParameters>
<autoIncrementCycle>false</autoIncrementCycle>
</Column>
<Column name="nombres" id="C375807F-7B26-32E6-ADCA-B5230D296563">
<createdBy>mauri</createdBy>
<createdTime>2025-09-13 21:48:46 UTC</createdTime>
<generatorID>D30D61FC-19C5-D638-49C8-C3C0EA03F108</generatorID>
<ownerDesignName>CMU_SANRAFAEL</ownerDesignName>
<useDomainConstraints>false</useDomainConstraints>
<use>1</use>
<logicalDatatype>LOGDT024</logicalDatatype>
<dataTypeSize>40</dataTypeSize>
<ownDataTypeParameters>40,,</ownDataTypeParameters>
<autoIncrementCycle>false</autoIncrementCycle>
</Column>
<Column name="primer_ap" id="607FD5C9-ACF5-E4F9-E247-84838BBF0224">
<createdBy>mauri</createdBy>
<createdTime>2025-09-13 21:48:46 UTC</createdTime>
<generatorID>C79A21EB-D2EE-9B14-5408-557EEE9F3F6B</generatorID>
<ownerDesignName>CMU_SANRAFAEL</ownerDesignName>
<useDomainConstraints>false</useDomainConstraints>
<use>1</use>
<logicalDatatype>LOGDT024</logicalDatatype>
<dataTypeSize>20</dataTypeSize>
<ownDataTypeParameters>20,,</ownDataTypeParameters>
<autoIncrementCycle>false</autoIncrementCycle>
</Column>
<Column name="segundo_ap" id="2E7A1C1D-3188-8777-D8BD-3D0DC235B9A9">
<createdBy>mauri</createdBy>
<createdTime>2025-09-13 21:48:46 UTC</createdTime>
<generatorID>F7AB7275-A351-1A69-7878-B75ED3925E6C</generatorID>
<ownerDesignName>CMU_SANRAFAEL</ownerDesignName>
<useDomainConstraints>false</useDomainConstraints>
<use>1</use>
<logicalDatatype>LOGDT024</logicalDatatype>
<dataTypeSize>20</dataTypeSize>
<ownDataTypeParameters>20,,</ownDataTypeParameters>
<autoIncrementCycle>false</autoIncrementCycle>
</Column>
<Column name="sexo" id="07BE94FF-FA76-CFC4-FE7A-68075C7302CC">
<createdBy>mauri</createdBy>
<createdTime>2025-09-13 21:48:46 UTC</createdTime>
<generatorID>AC1970BF-289D-2B20-8C75-009BD9D242AB</generatorID>
<ownerDesignName>CMU_SANRAFAEL</ownerDesignName>
<constraintName>CK_sexo</constraintName>
<useDomainConstraints>false</useDomainConstraints>
<use>1</use>
<logicalDatatype>LOGDT025</logicalDatatype>
<dataTypeSize>1</dataTypeSize>
<listOfValues>
<valueDef value="&apos;F&apos;" description=""/>
<valueDef value="&apos;M&apos;" description=""/>
<valueDef value="&apos;X&apos;" description=""/>
</listOfValues>
<ownDataTypeParameters>1,,</ownDataTypeParameters>
<autoIncrementCycle>false</autoIncrementCycle>
</Column>
<Column name="fecha_nac" id="A7A82483-D7BB-AC37-E631-082E76118DF1">
<createdBy>mauri</createdBy>
<createdTime>2025-09-13 21:48:46 UTC</createdTime>
<generatorID>E394416C-928C-AECB-82F9-6B5F92BB0009</generatorID>
<ownerDesignName>CMU_SANRAFAEL</ownerDesignName>
<useDomainConstraints>false</useDomainConstraints>
<use>1</use>
<logicalDatatype>LOGDT007</logicalDatatype>
<ownDataTypeParameters>,,</ownDataTypeParameters>
<autoIncrementCycle>false</autoIncrementCycle>
</Column>
<Column name="direccion" id="9E200597-41CD-1EFF-3B72-1CAEEB8D7FFA">
<createdBy>mauri</createdBy>
<createdTime>2025-09-13 21:48:46 UTC</createdTime>
<generatorID>D1207502-DFC8-F358-D923-279AE3D17A59</generatorID>
<ownerDesignName>CMU_SANRAFAEL</ownerDesignName>
<useDomainConstraints>false</useDomainConstraints>
<use>1</use>
<logicalDatatype>LOGDT024</logicalDatatype>
<dataTypeSize>120</dataTypeSize>
<ownDataTypeParameters>120,,</ownDataTypeParameters>
<autoIncrementCycle>false</autoIncrementCycle>
</Column>
<Column name="tipo_usuario" id="EAA306DC-B65B-7499-C279-771E562046E8">
<createdBy>mauri</createdBy>
<createdTime>2025-09-13 21:48:46 UTC</createdTime>
<generatorID>81E6B08A-7944-4D24-975E-A3D173DD52D4</generatorID>
<ownerDesignName>CMU_SANRAFAEL</ownerDesignName>
<constraintName>CK_tipo_usuario</constraintName>
<useDomainConstraints>false</useDomainConstraints>
<use>1</use>
<logicalDatatype>LOGDT024</logicalDatatype>
<dataTypeSize>15</dataTypeSize>
<listOfValues>
<valueDef value="&apos;ACADEMICO&apos;" description=""/>
<valueDef value="&apos;ESTUDIANTE&apos;" description=""/>
<valueDef value="ADMINISTRATIVO" description=""/>
</listOfValues>
<ownDataTypeParameters>15,,</ownDataTypeParameters>
<autoIncrementCycle>false</autoIncrementCycle>
</Column>
<Column name="email" id="E688F9E9-520E-EB3B-5A22-D19C55DB04A0">
<createdBy>mauri</createdBy>
<createdTime>2025-09-13 21:48:46 UTC</createdTime>
<generatorID>CA49EEAB-2927-E32B-C9CC-138A9204E53C</generatorID>
<ownerDesignName>CMU_SANRAFAEL</ownerDesignName>
<nullsAllowed>true</nullsAllowed>
<useDomainConstraints>false</useDomainConstraints>
<use>1</use>
<logicalDatatype>LOGDT024</logicalDatatype>
<dataTypeSize>120</dataTypeSize>
<ownDataTypeParameters>120,,</ownDataTypeParameters>
<autoIncrementCycle>false</autoIncrementCycle>
</Column>
<Column name="telefono" id="F6254215-CDE4-2827-ACD0-AE4898F91A49">
<createdBy>mauri</createdBy>
<createdTime>2025-09-13 21:48:46 UTC</createdTime>
<generatorID>0F1800E0-4601-AF34-F46A-1CDB48D8F471</generatorID>
<ownerDesignName>CMU_SANRAFAEL</ownerDesignName>
<nullsAllowed>true</nullsAllowed>
<useDomainConstraints>false</useDomainConstraints>
<use>1</use>
<logicalDatatype>LOGDT024</logicalDatatype>
<dataTypeSize>20</dataTypeSize>
<ownDataTypeParameters>20,,</ownDataTypeParameters>
<autoIncrementCycle>false</autoIncrementCycle>
</Column>
<Column name="COMUNA_id_comuna" id="BA25E47A-E30E-FD9A-2D13-65061975A4BC">
<createdBy>mauri</createdBy>
<createdTime>2025-09-13 21:48:46 UTC</createdTime>
<generatorID>CD04F87B-B510-4F92-1BB6-17569AA67036</generatorID>
<ownerDesignName>CMU_SANRAFAEL</ownerDesignName>
<nullsAllowed>true</nullsAllowed>
<useDomainConstraints>false</useDomainConstraints>
<use>1</use>
<logicalDatatype>LOGDT019</logicalDatatype>
<dataTypePrecision>5</dataTypePrecision>
<ownDataTypeParameters>,,</ownDataTypeParameters>
<previousColumn>false</previousColumn>
<autoIncrementCycle>false</autoIncrementCycle>
<associations>
<colAssociation fkAssociation="EACB7E31-24AA-BC5C-480C-3101635FA711" referredColumn="3495F2B8-6B44-C34C-ACA3-24C5B877F254"/>
</associations>
</Column>
</columns>
<indexes itemClass="oracle.dbtools.crest.model.design.relational.Index">
<ind_PK_UK id="04D905C6-10CF-777A-E08A-81E387FF9501" name="PK_PACIENTE">
<createdBy>mauri</createdBy>
<createdTime>2025-09-13 21:48:46 UTC</createdTime>
<generatorID>D98CDDC1-3639-1D81-D608-A9AAB32BCC08</generatorID>
<ownerDesignName>CMU_SANRAFAEL</ownerDesignName>
<pk>true</pk>
<indexState>Primary Constraint</indexState>
<isSurrogateKey>false</isSurrogateKey>
<indexColumnUsage>
<colUsage columnID="DDF4A75E-F57B-9D08-970E-32D247314A22"/>
</indexColumnUsage>
</ind_PK_UK>
<ind_PK_UK id="2C1C405B-A813-DF51-5232-3DC93AD99626" name="PACIENTE_COMUNA_FK">
<createdBy>mauri</createdBy>
<createdTime>2025-09-13 21:48:46 UTC</createdTime>
<generatorID>7CE069DB-04DA-4961-4A19-CF9D5768E421</generatorID>
<ownerDesignName>CMU_SANRAFAEL</ownerDesignName>
<indexState>Foreign Key</indexState>
<isSurrogateKey>false</isSurrogateKey>
<indexColumnUsage>
<colUsage columnID="BA25E47A-E30E-FD9A-2D13-65061975A4BC"/>
</indexColumnUsage>
</ind_PK_UK>
</indexes>
</Table>