<?xml version = '1.0' encoding = 'UTF-8'?>
<Table class="oracle.dbtools.crest.model.design.relational.Table" directorySegmentName="seg_0" id="1F45653D-AC84-B4C3-5E0B-A315EACC8D45" name="DETALLE_ORDEN_EXAMEN">
<createdBy>mauri</createdBy>
<createdTime>2025-09-13 21:48:46 UTC</createdTime>
<generatorID>1515E5FD-94D7-F4A0-A4D0-630BD174F209</generatorID>
<ownerDesignName>CMU_SANRAFAEL</ownerDesignName>
<allowColumnReorder>false</allowColumnReorder>
<existDependencyGenerateInDDl>true</existDependencyGenerateInDDl>
<parsed>true</parsed>
<columns itemClass="oracle.dbtools.crest.model.design.relational.Column">
<Column name="DETALLE_ORDEN_EXAMEN_ID" id="3729CBD8-C998-27CC-02CD-0E6597AA2F94">
<createdBy>mauri</createdBy>
<createdTime>2025-09-14 01:12:29 UTC</createdTime>
<ownerDesignName>CMU_SANRAFAEL</ownerDesignName>
<useDomainConstraints>false</useDomainConstraints>
<use>1</use>
<logicalDatatype>LOGDT019</logicalDatatype>
<ownDataTypeParameters>,,</ownDataTypeParameters>
<autoIncrementColumn>true</autoIncrementColumn>
<identityColumn>true</identityColumn>
<autoIncrementCycle>false</autoIncrementCycle>
<isSurrogateColumn>true</isSurrogateColumn>
</Column>
<Column name="observaciones" id="A894A437-04F0-3153-F479-3E227CCB1D03">
<createdBy>mauri</createdBy>
<createdTime>2025-09-13 21:48:46 UTC</createdTime>
<generatorID>090EC11B-4920-0D94-F568-9C31DAA43156</generatorID>
<ownerDesignName>CMU_SANRAFAEL</ownerDesignName>
<nullsAllowed>true</nullsAllowed>
<useDomainConstraints>false</useDomainConstraints>
<use>1</use>
<logicalDatatype>LOGDT024</logicalDatatype>
<dataTypeSize>500</dataTypeSize>
<ownDataTypeParameters>500,,</ownDataTypeParameters>
<autoIncrementCycle>false</autoIncrementCycle>
</Column>
<Column name="EXAMEN_cod_examen" id="60E3099C-3AF8-6B31-286A-78090952102D">
<createdBy>mauri</createdBy>
<createdTime>2025-09-13 21:48:46 UTC</createdTime>
<generatorID>115278A2-E1B4-6EDC-70B4-FC830BCB1AAF</generatorID>
<ownerDesignName>CMU_SANRAFAEL</ownerDesignName>
<useDomainConstraints>false</useDomainConstraints>
<use>1</use>
<logicalDatatype>LOGDT024</logicalDatatype>
<dataTypeSize>12</dataTypeSize>
<ownDataTypeParameters>,,</ownDataTypeParameters>
<previousColumn>false</previousColumn>
<autoIncrementCycle>false</autoIncrementCycle>
<associations>
<colAssociation fkAssociation="1793F7BC-9B20-36CB-957F-64E7C8910CBC" referredColumn="6BBDE32C-88DE-71A0-97F4-F43ECF98AC36"/>
</associations>
</Column>
<Column name="ORDEN_EXAMEN_id_orden" id="FC542813-720B-7EDC-67B9-1E29AE37AFDA">
<createdBy>mauri</createdBy>
<createdTime>2025-09-13 21:48:46 UTC</createdTime>
<generatorID>F3BD0C05-BECC-118B-888D-6F7EE7E74BD9</generatorID>
<ownerDesignName>CMU_SANRAFAEL</ownerDesignName>
<useDomainConstraints>false</useDomainConstraints>
<use>1</use>
<logicalDatatype>LOGDT019</logicalDatatype>
<dataTypePrecision>12</dataTypePrecision>
<ownDataTypeParameters>,,</ownDataTypeParameters>
<previousColumn>false</previousColumn>
<autoIncrementCycle>false</autoIncrementCycle>
<associations>
<colAssociation fkAssociation="AC84B8B7-6D4C-F7AB-955E-886A55DD6FC6" referredColumn="0BCBCDE2-5EBF-0DCA-5FA3-414E9A6CA93B"/>
</associations>
</Column>
<Column name="RESULTADO_EXAMEN_id_resultado" id="DD921EE4-F482-03BD-28AC-C4B1642D0940">
<createdBy>mauri</createdBy>
<createdTime>2025-09-13 21:48:46 UTC</createdTime>
<generatorID>56042685-ED96-7093-523B-16A73CCA9839</generatorID>
<ownerDesignName>CMU_SANRAFAEL</ownerDesignName>
<useDomainConstraints>false</useDomainConstraints>
<use>1</use>
<logicalDatatype>LOGDT019</logicalDatatype>
<dataTypePrecision>12</dataTypePrecision>
<ownDataTypeParameters>,,</ownDataTypeParameters>
<previousColumn>false</previousColumn>
<autoIncrementCycle>false</autoIncrementCycle>
<associations>
<colAssociation fkAssociation="5604B7A7-BA3E-D3D7-BE66-089E69155DA6" referredColumn="F298CA34-41CC-5BDB-523D-AC73418A27AB"/>
</associations>
</Column>
</columns>
<indexes itemClass="oracle.dbtools.crest.model.design.relational.Index">
<ind_PK_UK id="CE6D332C-CCA8-8542-0675-59752B7287BB" name="PK_DETALLE_ORDEN_EXAMEN">
<createdBy>mauri</createdBy>
<createdTime>2025-09-14 01:12:29 UTC</createdTime>
<ownerDesignName>CMU_SANRAFAEL</ownerDesignName>
<pk>true</pk>
<indexState>Primary Constraint</indexState>
<indexColumnUsage>
<colUsage columnID="3729CBD8-C998-27CC-02CD-0E6597AA2F94"/>
</indexColumnUsage>
</ind_PK_UK>
<ind_PK_UK id="47D9347C-47A0-68DA-FC2B-9C4F4E93BC1C" name="DETALLE_ORDEN_EXAMEN__IDX">
<createdBy>mauri</createdBy>
<createdTime>2025-09-13 21:48:46 UTC</createdTime>
<ownerDesignName>CMU_SANRAFAEL</ownerDesignName>
<indexState>Unique Plain Index</indexState>
<isSurrogateKey>false</isSurrogateKey>
<relationGeneratorID>653ABFC3-62A1-7A26-6C9F-18E3E7A1DB02</relationGeneratorID>
<indexColumnUsage>
<colUsage columnID="DD921EE4-F482-03BD-28AC-C4B1642D0940"/>
</indexColumnUsage>
</ind_PK_UK>
<ind_PK_UK id="06980DC8-2A50-B2FB-DE4F-D86C2AF9A069" name="FK_DETALLE_ORDEN_EXAMEN_EXAM">
<createdBy>mauri</createdBy>
<createdTime>2025-09-13 21:48:46 UTC</createdTime>
<generatorID>901F8601-65D3-062D-97C1-C08CF5E5A262</generatorID>
<ownerDesignName>CMU_SANRAFAEL</ownerDesignName>
<indexState>Foreign Key</indexState>
<isSurrogateKey>false</isSurrogateKey>
<indexColumnUsage>
<colUsage columnID="60E3099C-3AF8-6B31-286A-78090952102D"/>
</indexColumnUsage>
</ind_PK_UK>
<ind_PK_UK id="3B0EF3C4-C294-9D62-2E6A-AFC2C0392841" name="FK_DET_ORD_EXAM_ORD_EXAM">
<createdBy>mauri</createdBy>
<createdTime>2025-09-13 21:48:46 UTC</createdTime>
<generatorID>C3C7C00F-A425-43E0-E548-8F26E90F6275</generatorID>
<ownerDesignName>CMU_SANRAFAEL</ownerDesignName>
<indexState>Foreign Key</indexState>
<isSurrogateKey>false</isSurrogateKey>
<indexColumnUsage>
<colUsage columnID="FC542813-720B-7EDC-67B9-1E29AE37AFDA"/>
</indexColumnUsage>
</ind_PK_UK>
<ind_PK_UK id="31757542-D849-BA00-0A75-02B5542801C2" name="FK_DET_ORD_EXAM_RESUL_EXAM">
<createdBy>mauri</createdBy>
<createdTime>2025-09-13 21:48:46 UTC</createdTime>
<generatorID>653ABFC3-62A1-7A26-6C9F-18E3E7A1DB02</generatorID>
<ownerDesignName>CMU_SANRAFAEL</ownerDesignName>
<indexState>Foreign Key</indexState>
<isSurrogateKey>false</isSurrogateKey>
<indexColumnUsage>
<colUsage columnID="DD921EE4-F482-03BD-28AC-C4B1642D0940"/>
</indexColumnUsage>
</ind_PK_UK>
</indexes>
</Table>