<?xml version = '1.0' encoding = 'UTF-8'?>
<Table class="oracle.dbtools.crest.model.design.relational.Table" directorySegmentName="seg_0" id="231FB322-0E2B-E506-403C-2DAAD49BD931" name="REGION">
<createdBy>mauri</createdBy>
<createdTime>2025-09-13 21:48:46 UTC</createdTime>
<generatorID>FFAAC28E-DA5B-8CB4-B0E5-61087F257ED5</generatorID>
<ownerDesignName>CMU_SANRAFAEL</ownerDesignName>
<allowColumnReorder>false</allowColumnReorder>
<existDependencyGenerateInDDl>true</existDependencyGenerateInDDl>
<parsed>true</parsed>
<columns itemClass="oracle.dbtools.crest.model.design.relational.Column">
<Column name="id_region" id="A5E57F9E-49D1-07BA-1F0E-DBFA06F28484">
<createdBy>mauri</createdBy>
<createdTime>2025-09-13 21:48:46 UTC</createdTime>
<generatorID>9D7FE5B2-6F5B-3D48-7AB6-7DA9B1C055D9</generatorID>
<ownerDesignName>CMU_SANRAFAEL</ownerDesignName>
<useDomainConstraints>false</useDomainConstraints>
<use>1</use>
<logicalDatatype>LOGDT019</logicalDatatype>
<dataTypePrecision>3</dataTypePrecision>
<ownDataTypeParameters>,3,</ownDataTypeParameters>
<autoIncrementCycle>false</autoIncrementCycle>
</Column>
<Column name="nombre_region" id="BEAD9874-C7C2-9E68-93BD-4D8632A755A7">
<createdBy>mauri</createdBy>
<createdTime>2025-09-13 21:48:46 UTC</createdTime>
<generatorID>FA499DF0-60A1-4BDE-09A3-2F116BEB952E</generatorID>
<ownerDesignName>CMU_SANRAFAEL</ownerDesignName>
<useDomainConstraints>false</useDomainConstraints>
<use>1</use>
<logicalDatatype>LOGDT024</logicalDatatype>
<dataTypeSize>60</dataTypeSize>
<ownDataTypeParameters>60,,</ownDataTypeParameters>
<autoIncrementCycle>false</autoIncrementCycle>
</Column>
</columns>
<indexes itemClass="oracle.dbtools.crest.model.design.relational.Index">
<ind_PK_UK id="93185E18-1384-7171-1BD0-77B3744D356B" name="PK_REGION">
<createdBy>mauri</createdBy>
<createdTime>2025-09-13 21:48:46 UTC</createdTime>
<generatorID>FE217D0A-ADF0-7834-F00B-F88E27EBCCB4</generatorID>
<ownerDesignName>CMU_SANRAFAEL</ownerDesignName>
<pk>true</pk>
<indexState>Primary Constraint</indexState>
<isSurrogateKey>false</isSurrogateKey>
<indexColumnUsage>
<colUsage columnID="A5E57F9E-49D1-07BA-1F0E-DBFA06F28484"/>
</indexColumnUsage>
</ind_PK_UK>
<ind_PK_UK id="D1146883-4D1D-3E04-4F06-20161E210B06" name="REGION_nombre_region_UN">
<createdBy>mauri</createdBy>
<createdTime>2025-09-13 21:48:46 UTC</createdTime>
<generatorID>B48195B5-91B9-773A-C3B3-A5E7B98BB313</generatorID>
<ownerDesignName>CMU_SANRAFAEL</ownerDesignName>
<indexState>Unique Constraint</indexState>
<isSurrogateKey>false</isSurrogateKey>
<indexColumnUsage>
<colUsage columnID="BEAD9874-C7C2-9E68-93BD-4D8632A755A7"/>
</indexColumnUsage>
</ind_PK_UK>
</indexes>
</Table>