<?xml version = '1.0' encoding = 'UTF-8'?>
<Table class="oracle.dbtools.crest.model.design.relational.Table" directorySegmentName="seg_0" id="29311E0B-01F5-E3F2-CD15-76ACF10580C6" name="UNIDAD_ATENCION">
<createdBy>mauri</createdBy>
<createdTime>2025-09-13 21:48:46 UTC</createdTime>
<generatorID>C7364209-90D0-FB9D-3BE0-E9F03508DFF6</generatorID>
<ownerDesignName>CMU_SANRAFAEL</ownerDesignName>
<allowColumnReorder>false</allowColumnReorder>
<existDependencyGenerateInDDl>true</existDependencyGenerateInDDl>
<parsed>true</parsed>
<columns itemClass="oracle.dbtools.crest.model.design.relational.Column">
<Column name="id_unidad" id="4E4A32C1-AE30-C98E-58DC-0112380ABDCC">
<createdBy>mauri</createdBy>
<createdTime>2025-09-13 21:48:46 UTC</createdTime>
<generatorID>74D77F83-C0A7-F24E-795B-68F4B19781E9</generatorID>
<ownerDesignName>CMU_SANRAFAEL</ownerDesignName>
<useDomainConstraints>false</useDomainConstraints>
<use>1</use>
<logicalDatatype>LOGDT019</logicalDatatype>
<dataTypePrecision>3</dataTypePrecision>
<ownDataTypeParameters>,3,</ownDataTypeParameters>
<autoIncrementCycle>false</autoIncrementCycle>
</Column>
<Column name="nombre_unidad" id="142C15FA-73CB-D88D-4719-B834C44350DD">
<createdBy>mauri</createdBy>
<createdTime>2025-09-13 21:48:46 UTC</createdTime>
<generatorID>E6A81F8B-983A-AD1D-E149-CD7399DCDA4E</generatorID>
<ownerDesignName>CMU_SANRAFAEL</ownerDesignName>
<constraintName>CK_NOMBRE_UNIDAD</constraintName>
<useDomainConstraints>false</useDomainConstraints>
<use>1</use>
<logicalDatatype>LOGDT024</logicalDatatype>
<dataTypeSize>50</dataTypeSize>
<listOfValues>
<valueDef value="&apos;LABORATORIO&apos;" description=""/>
<valueDef value="&apos;MEDICINA_GENERAL&apos;" description=""/>
<valueDef value="&apos;SALUD_MENTAL&apos;" description=""/>
</listOfValues>
<ownDataTypeParameters>50,,</ownDataTypeParameters>
<autoIncrementCycle>false</autoIncrementCycle>
</Column>
</columns>
<indexes itemClass="oracle.dbtools.crest.model.design.relational.Index">
<ind_PK_UK id="4BFCA689-6843-10F5-8B42-8EA5E372F2F2" name="PK_UNIDAD_ATENCION">
<createdBy>mauri</createdBy>
<createdTime>2025-09-13 21:48:46 UTC</createdTime>
<generatorID>C56C847D-75E5-78BD-EC80-A8A11B4A957E</generatorID>
<ownerDesignName>CMU_SANRAFAEL</ownerDesignName>
<pk>true</pk>
<indexState>Primary Constraint</indexState>
<isSurrogateKey>false</isSurrogateKey>
<indexColumnUsage>
<colUsage columnID="4E4A32C1-AE30-C98E-58DC-0112380ABDCC"/>
</indexColumnUsage>
</ind_PK_UK>
</indexes>
</Table>