<?xml version = '1.0' encoding = 'UTF-8'?>
<Table class="oracle.dbtools.crest.model.design.relational.Table" directorySegmentName="seg_0" id="307BEAF8-49FA-0D8D-13BF-6C4B2114A2C7" name="RESULTADO_EXAMEN">
<createdBy>mauri</createdBy>
<createdTime>2025-09-13 21:48:46 UTC</createdTime>
<generatorID>467E2B8F-4800-8293-3B3D-046E5A19DA75</generatorID>
<ownerDesignName>CMU_SANRAFAEL</ownerDesignName>
<allowColumnReorder>false</allowColumnReorder>
<existDependencyGenerateInDDl>true</existDependencyGenerateInDDl>
<parsed>true</parsed>
<columns itemClass="oracle.dbtools.crest.model.design.relational.Column">
<Column name="id_resultado" id="F298CA34-41CC-5BDB-523D-AC73418A27AB">
<createdBy>mauri</createdBy>
<createdTime>2025-09-13 21:48:46 UTC</createdTime>
<generatorID>B0809615-EDAF-898A-090F-758076E742CB</generatorID>
<ownerDesignName>CMU_SANRAFAEL</ownerDesignName>
<useDomainConstraints>false</useDomainConstraints>
<use>1</use>
<logicalDatatype>LOGDT019</logicalDatatype>
<dataTypePrecision>12</dataTypePrecision>
<ownDataTypeParameters>,12,</ownDataTypeParameters>
<autoIncrementCycle>false</autoIncrementCycle>
</Column>
<Column name="fecha_resultado" id="FA158890-3056-F1F9-A678-6AD43157A3F5">
<createdBy>mauri</createdBy>
<createdTime>2025-09-13 21:48:46 UTC</createdTime>
<generatorID>6978B29E-432E-C867-1F92-9D8DD519AFEC</generatorID>
<ownerDesignName>CMU_SANRAFAEL</ownerDesignName>
<useDomainConstraints>false</useDomainConstraints>
<use>1</use>
<logicalDatatype>LOGDT007</logicalDatatype>
<ownDataTypeParameters>,,</ownDataTypeParameters>
<autoIncrementCycle>false</autoIncrementCycle>
</Column>
<Column name="valor_resultado" id="6A1F3B67-BA76-A9AF-A2E2-0B8051B8D370">
<createdBy>mauri</createdBy>
<createdTime>2025-09-13 21:48:46 UTC</createdTime>
<generatorID>303AAA1D-C494-E383-32BD-73285912EAE8</generatorID>
<ownerDesignName>CMU_SANRAFAEL</ownerDesignName>
<nullsAllowed>true</nullsAllowed>
<useDomainConstraints>false</useDomainConstraints>
<use>1</use>
<logicalDatatype>LOGDT024</logicalDatatype>
<dataTypeSize>120</dataTypeSize>
<ownDataTypeParameters>120,,</ownDataTypeParameters>
<autoIncrementCycle>false</autoIncrementCycle>
</Column>
<Column name="observaciones" id="F614D866-08EB-02F4-6A42-8F81E8AB1C4A">
<createdBy>mauri</createdBy>
<createdTime>2025-09-13 21:48:46 UTC</createdTime>
<generatorID>A76CB1E1-BCCC-39EB-ED7E-D4B8921576A9</generatorID>
<ownerDesignName>CMU_SANRAFAEL</ownerDesignName>
<nullsAllowed>true</nullsAllowed>
<useDomainConstraints>false</useDomainConstraints>
<use>1</use>
<logicalDatatype>LOGDT024</logicalDatatype>
<dataTypeSize>400</dataTypeSize>
<ownDataTypeParameters>400,,</ownDataTypeParameters>
<autoIncrementCycle>false</autoIncrementCycle>
</Column>
</columns>
<indexes itemClass="oracle.dbtools.crest.model.design.relational.Index">
<ind_PK_UK id="49D03B27-C07C-751B-A341-F696D296FE95" name="PK_RESULTADO_EXAMEN">
<createdBy>mauri</createdBy>
<createdTime>2025-09-13 21:48:46 UTC</createdTime>
<generatorID>F4D76B3E-5E7D-12A8-846D-B99710A5F90C</generatorID>
<ownerDesignName>CMU_SANRAFAEL</ownerDesignName>
<pk>true</pk>
<indexState>Primary Constraint</indexState>
<isSurrogateKey>false</isSurrogateKey>
<indexColumnUsage>
<colUsage columnID="F298CA34-41CC-5BDB-523D-AC73418A27AB"/>
</indexColumnUsage>
</ind_PK_UK>
</indexes>
</Table>