<?xml version = '1.0' encoding = 'UTF-8'?>
<Table class="oracle.dbtools.crest.model.design.relational.Table" directorySegmentName="seg_0" id="61E209C8-901A-3F3D-4CDE-4E4ABEDA2284" name="MEDICO">
<createdBy>mauri</createdBy>
<createdTime>2025-09-13 21:48:46 UTC</createdTime>
<generatorID>057E7730-018E-0635-DB7E-5B2E1C91CD48</generatorID>
<ownerDesignName>CMU_SANRAFAEL</ownerDesignName>
<allowColumnReorder>false</allowColumnReorder>
<existDependencyGenerateInDDl>true</existDependencyGenerateInDDl>
<parsed>true</parsed>
<columns itemClass="oracle.dbtools.crest.model.design.relational.Column">
<Column name="rut_medico" id="DDE1FFF5-A782-AB01-E484-A8D44908BFA0">
<createdBy>mauri</createdBy>
<createdTime>2025-09-13 21:48:46 UTC</createdTime>
<generatorID>C8D39AA4-1FC3-C424-9C35-D34BAAF068AF</generatorID>
<ownerDesignName>CMU_SANRAFAEL</ownerDesignName>
<useDomainConstraints>false</useDomainConstraints>
<use>1</use>
<logicalDatatype>LOGDT024</logicalDatatype>
<dataTypeSize>12</dataTypeSize>
<ownDataTypeParameters>12,,</ownDataTypeParameters>
<autoIncrementCycle>false</autoIncrementCycle>
</Column>
<Column name="nombres" id="B81F9BEF-D5D9-8F08-B11C-3FD9AADDD41D">
<createdBy>mauri</createdBy>
<createdTime>2025-09-13 21:48:46 UTC</createdTime>
<generatorID>DCD07FE4-A756-7E58-8E59-CA4FFC4FE6EA</generatorID>
<ownerDesignName>CMU_SANRAFAEL</ownerDesignName>
<useDomainConstraints>false</useDomainConstraints>
<use>1</use>
<logicalDatatype>LOGDT024</logicalDatatype>
<dataTypeSize>30</dataTypeSize>
<ownDataTypeParameters>30,,</ownDataTypeParameters>
<autoIncrementCycle>false</autoIncrementCycle>
</Column>
<Column name="primer_ap" id="6D7589E9-BCF5-9165-D91C-785674EE5948">
<createdBy>mauri</createdBy>
<createdTime>2025-09-13 21:48:46 UTC</createdTime>
<generatorID>5BCABADE-688F-4158-48CD-58CE3DEF5F7B</generatorID>
<ownerDesignName>CMU_SANRAFAEL</ownerDesignName>
<useDomainConstraints>false</useDomainConstraints>
<use>1</use>
<logicalDatatype>LOGDT024</logicalDatatype>
<dataTypeSize>20</dataTypeSize>
<ownDataTypeParameters>20,,</ownDataTypeParameters>
<autoIncrementCycle>false</autoIncrementCycle>
</Column>
<Column name="segundo_ap" id="FF939A84-2EDB-AD14-1EB1-F1CADE8066E1">
<createdBy>mauri</createdBy>
<createdTime>2025-09-13 21:48:46 UTC</createdTime>
<generatorID>84B18058-A987-C8C1-304A-4E3C79E50AC1</generatorID>
<ownerDesignName>CMU_SANRAFAEL</ownerDesignName>
<useDomainConstraints>false</useDomainConstraints>
<use>1</use>
<logicalDatatype>LOGDT024</logicalDatatype>
<dataTypeSize>20</dataTypeSize>
<ownDataTypeParameters>20,,</ownDataTypeParameters>
<autoIncrementCycle>false</autoIncrementCycle>
</Column>
<Column name="fecha_ingreso" id="A02A7260-8D1D-D378-72BF-8019CF605074">
<createdBy>mauri</createdBy>
<createdTime>2025-09-13 21:48:46 UTC</createdTime>
<generatorID>B5219A9D-C222-2C24-92B6-E222D0528ED5</generatorID>
<ownerDesignName>CMU_SANRAFAEL</ownerDesignName>
<useDomainConstraints>false</useDomainConstraints>
<use>1</use>
<logicalDatatype>LOGDT007</logicalDatatype>
<ownDataTypeParameters>,,</ownDataTypeParameters>
<autoIncrementCycle>false</autoIncrementCycle>
</Column>
<Column name="UNIDAD_ATENCION_id_unidad" id="DD791E90-1C03-36B4-BABB-86E5913D3B93">
<createdBy>mauri</createdBy>
<createdTime>2025-09-13 21:48:46 UTC</createdTime>
<generatorID>99D86F98-2228-A91F-421B-05EF77010512</generatorID>
<ownerDesignName>CMU_SANRAFAEL</ownerDesignName>
<useDomainConstraints>false</useDomainConstraints>
<use>1</use>
<logicalDatatype>LOGDT019</logicalDatatype>
<dataTypePrecision>3</dataTypePrecision>
<ownDataTypeParameters>,,</ownDataTypeParameters>
<previousColumn>false</previousColumn>
<autoIncrementCycle>false</autoIncrementCycle>
<associations>
<colAssociation fkAssociation="5A09D93F-C24D-18D5-5DC1-071D96EB00AC" referredColumn="4E4A32C1-AE30-C98E-58DC-0112380ABDCC"/>
</associations>
</Column>
<Column name="ESPECIALIDAD_id_especialidad" id="652CA701-734C-9A58-DC0C-7B80F7D893F4">
<createdBy>mauri</createdBy>
<createdTime>2025-09-13 21:48:46 UTC</createdTime>
<generatorID>046ED667-A2B6-CB58-EB2A-C4D714D14A14</generatorID>
<ownerDesignName>CMU_SANRAFAEL</ownerDesignName>
<nullsAllowed>true</nullsAllowed>
<useDomainConstraints>false</useDomainConstraints>
<use>1</use>
<logicalDatatype>LOGDT019</logicalDatatype>
<dataTypePrecision>3</dataTypePrecision>
<ownDataTypeParameters>,,</ownDataTypeParameters>
<previousColumn>false</previousColumn>
<autoIncrementCycle>false</autoIncrementCycle>
<associations>
<colAssociation fkAssociation="601C41F9-B3B4-AEC0-0EC3-8DA25F201F5D" referredColumn="99A13826-4F8C-E8D7-5459-671F3587ABA2"/>
</associations>
</Column>
<Column name="AFP_cod_afp" id="9085BE5E-1C7A-2CD2-C9D6-BD8BFB750EB5">
<createdBy>mauri</createdBy>
<createdTime>2025-09-13 21:48:46 UTC</createdTime>
<generatorID>9AC8CDD8-D68D-80DC-4B1C-9A582AA68048</generatorID>
<ownerDesignName>CMU_SANRAFAEL</ownerDesignName>
<useDomainConstraints>false</useDomainConstraints>
<use>1</use>
<logicalDatatype>LOGDT024</logicalDatatype>
<dataTypeSize>10</dataTypeSize>
<ownDataTypeParameters>,,</ownDataTypeParameters>
<previousColumn>false</previousColumn>
<autoIncrementCycle>false</autoIncrementCycle>
<associations>
<colAssociation fkAssociation="D7F4B450-8639-CA8F-7BA4-78F4BF78E618" referredColumn="15C563D0-075B-65F1-C122-0C5CCC94AF1B"/>
</associations>
</Column>
<Column name="INSTITUCION_SALUD_cod" id="B917E4AE-16A1-E471-681F-C0AA6FA97631">
<createdBy>mauri</createdBy>
<createdTime>2025-09-13 21:48:46 UTC</createdTime>
<generatorID>E24E51FE-DDCF-4AEC-9B8E-54CC0731D00D</generatorID>
<ownerDesignName>CMU_SANRAFAEL</ownerDesignName>
<useDomainConstraints>false</useDomainConstraints>
<use>1</use>
<logicalDatatype>LOGDT024</logicalDatatype>
<dataTypeSize>10</dataTypeSize>
<ownDataTypeParameters>,,</ownDataTypeParameters>
<previousColumn>false</previousColumn>
<autoIncrementCycle>false</autoIncrementCycle>
<associations>
<colAssociation fkAssociation="33DBD9DC-B5AE-F5FE-0F60-DC495B302029" referredColumn="D95C1B38-064D-DC63-507C-3A1DBE4B9221"/>
</associations>
</Column>
<Column name="MEDICO_rut_medico" id="93A3064B-E870-FAB9-6D67-FC92FAA6DD85">
<createdBy>mauri</createdBy>
<createdTime>2025-09-14 01:40:33 UTC</createdTime>
<generatorID>B40BEF55-FADC-FE47-10E9-6147D4687ED1</generatorID>
<ownerDesignName>CMU_SANRAFAEL</ownerDesignName>
<useDomainConstraints>false</useDomainConstraints>
<use>1</use>
<logicalDatatype>LOGDT024</logicalDatatype>
<dataTypeSize>12</dataTypeSize>
<ownDataTypeParameters>,,</ownDataTypeParameters>
<previousColumn>false</previousColumn>
<autoIncrementCycle>false</autoIncrementCycle>
<associations>
<colAssociation fkAssociation="1C9D4821-DDB4-D627-82AF-4D32377DA998" referredColumn="DDE1FFF5-A782-AB01-E484-A8D44908BFA0"/>
</associations>
</Column>
</columns>
<indexes itemClass="oracle.dbtools.crest.model.design.relational.Index">
<ind_PK_UK id="68118454-3F90-D735-C998-C87F6AD8C905" name="PK_MEDICO">
<createdBy>mauri</createdBy>
<createdTime>2025-09-13 21:48:46 UTC</createdTime>
<generatorID>E53E1C0D-3E26-4D25-BFC1-03B8A260F64F</generatorID>
<ownerDesignName>CMU_SANRAFAEL</ownerDesignName>
<pk>true</pk>
<indexState>Primary Constraint</indexState>
<isSurrogateKey>false</isSurrogateKey>
<indexColumnUsage>
<colUsage columnID="DDE1FFF5-A782-AB01-E484-A8D44908BFA0"/>
</indexColumnUsage>
</ind_PK_UK>
<ind_PK_UK id="9AC9D638-0C60-E252-5839-949B2A5A68CE" name="MEDICO__IDX">
<createdBy>mauri</createdBy>
<createdTime>2025-09-13 21:48:46 UTC</createdTime>
<ownerDesignName>CMU_SANRAFAEL</ownerDesignName>
<indexState>Unique Plain Index</indexState>
<isSurrogateKey>false</isSurrogateKey>
<relationGeneratorID>A152F4C4-5F84-6678-02AA-A0D2414FCEFA</relationGeneratorID>
<indexColumnUsage>
<colUsage columnID="DDE1FFF5-A782-AB01-E484-A8D44908BFA0"/>
</indexColumnUsage>
</ind_PK_UK>
<ind_PK_UK id="C84A1D09-B8D5-661E-8C3E-8A7E7CA2550F" name="FK_MEDICO_AFP">
<createdBy>mauri</createdBy>
<createdTime>2025-09-13 21:48:46 UTC</createdTime>
<generatorID>01E1EB9C-A216-A2F6-BB0E-5FD7BFD76797</generatorID>
<ownerDesignName>CMU_SANRAFAEL</ownerDesignName>
<indexState>Foreign Key</indexState>
<isSurrogateKey>false</isSurrogateKey>
<indexColumnUsage>
<colUsage columnID="9085BE5E-1C7A-2CD2-C9D6-BD8BFB750EB5"/>
</indexColumnUsage>
</ind_PK_UK>
<ind_PK_UK id="50AA6D8B-56D8-6EAA-C229-B38EC621D318" name="FK_MEDICO_INSTITUCION_SALUD">
<createdBy>mauri</createdBy>
<createdTime>2025-09-13 21:48:46 UTC</createdTime>
<generatorID>25FC3D98-BA61-451A-996A-6475B718E1FB</generatorID>
<ownerDesignName>CMU_SANRAFAEL</ownerDesignName>
<indexState>Foreign Key</indexState>
<isSurrogateKey>false</isSurrogateKey>
<indexColumnUsage>
<colUsage columnID="B917E4AE-16A1-E471-681F-C0AA6FA97631"/>
</indexColumnUsage>
</ind_PK_UK>
<ind_PK_UK id="AA58F29D-C59E-C5DC-9201-5E7DEA470BDC" name="FK_MEDICO_UNIDAD_ATENCION">
<createdBy>mauri</createdBy>
<createdTime>2025-09-13 21:48:46 UTC</createdTime>
<generatorID>322AF571-E1CF-DF6D-3D09-B319C98FE498</generatorID>
<ownerDesignName>CMU_SANRAFAEL</ownerDesignName>
<indexState>Foreign Key</indexState>
<isSurrogateKey>false</isSurrogateKey>
<indexColumnUsage>
<colUsage columnID="DD791E90-1C03-36B4-BABB-86E5913D3B93"/>
</indexColumnUsage>
</ind_PK_UK>
<ind_PK_UK id="7781DD83-51A6-EFA7-09B3-36571335DE2E" name="FK_MEDICO_ESPECIALIDAD">
<createdBy>mauri</createdBy>
<createdTime>2025-09-13 21:48:46 UTC</createdTime>
<generatorID>12315E09-83C4-3FDF-C376-C7BAD040EB21</generatorID>
<ownerDesignName>CMU_SANRAFAEL</ownerDesignName>
<indexState>Foreign Key</indexState>
<isSurrogateKey>false</isSurrogateKey>
<indexColumnUsage>
<colUsage columnID="652CA701-734C-9A58-DC0C-7B80F7D893F4"/>
</indexColumnUsage>
</ind_PK_UK>
<ind_PK_UK id="03FAD396-5629-A2E8-9949-74F560EB63C1" name="FK_MEDICO_MEDICO">
<createdBy>mauri</createdBy>
<createdTime>2025-09-14 01:40:33 UTC</createdTime>
<generatorID>A152F4C4-5F84-6678-02AA-A0D2414FCEFA</generatorID>
<ownerDesignName>CMU_SANRAFAEL</ownerDesignName>
<indexState>Foreign Key</indexState>
<isSurrogateKey>false</isSurrogateKey>
<indexColumnUsage>
<colUsage columnID="93A3064B-E870-FAB9-6D67-FC92FAA6DD85"/>
</indexColumnUsage>
</ind_PK_UK>
</indexes>
</Table>