<?xml version = '1.0' encoding = 'UTF-8'?>
<relationalModel class="oracle.dbtools.crest.model.design.relational.RelationalDesign" name="Relational_1" id="FA9D8ECC-C3FC-E5D9-B5FD-C8935B87AA3E" mainViewID="1A668C48-5A4C-8DD8-504A-6093FE8D56FC">
<createdBy>mauri</createdBy>
<createdTime>2025-09-12 17:05:24 UTC</createdTime>
<ownerDesignName>CMU_SANRAFAEL</ownerDesignName>
<shouldBeOpen>true</shouldBeOpen>
<selectedRDBMSSite>32076570-2523-435C-2E92-BF29817DFF70</selectedRDBMSSite>
</relationalModel>