<?xml version = '1.0' encoding = 'UTF-8'?>
<Relation class="oracle.dbtools.crest.model.design.logical.Relation" name="Relation_11" directorySegmentName="seg_0" id="01E1EB9C-A216-A2F6-BB0E-5FD7BFD76797">
<createdBy>mauri</createdBy>
<createdTime>2025-09-13 02:13:10 UTC</createdTime>
<ownerDesignName>CMU_SANRAFAEL</ownerDesignName>
<engineerTo>
<item key="FA9D8ECC-C3FC-E5D9-B5FD-C8935B87AA3E" value="true"/>
</engineerTo>
<sourcePk>9964D955-2841-D411-308D-8A1A0AB04358</sourcePk>
<identifying>false</identifying>
<optionalSource>false</optionalSource>
<optionalTarget>false</optionalTarget>
<sourceCardinality>1</sourceCardinality>
<sourceEntity>1051A924-0E4A-372D-F697-F0DF0B51D81A</sourceEntity>
<targetCardinalityString>*</targetCardinalityString>
<targetEntity>057E7730-018E-0635-DB7E-5B2E1C91CD48</targetEntity>
<transferable>true</transferable>
<deleteRule>NO ACTION</deleteRule>
</Relation>