<?xml version = '1.0' encoding = 'UTF-8'?>
<Relation class="oracle.dbtools.crest.model.design.logical.Relation" name="Relation_9" directorySegmentName="seg_0" id="05EFCFB1-204F-F155-F029-ACD5A0B2F894">
<createdBy>mauri</createdBy>
<createdTime>2025-09-13 02:03:06 UTC</createdTime>
<ownerDesignName>CMU_SANRAFAEL</ownerDesignName>
<engineerTo>
<item key="FA9D8ECC-C3FC-E5D9-B5FD-C8935B87AA3E" value="true"/>
</engineerTo>
<sourcePk>41B1E446-825E-B6CA-A9FD-C2EFAC8E23BB</sourcePk>
<identifying>false</identifying>
<optionalSource>false</optionalSource>
<optionalTarget>false</optionalTarget>
<sourceCardinality>1</sourceCardinality>
<sourceEntity>F948A0DF-7470-BBB6-D50C-8A012CA720F8</sourceEntity>
<targetCardinalityString>*</targetCardinalityString>
<targetEntity>FF122EF5-47F7-B80F-EC19-3CF34F2D14C9</targetEntity>
<transferable>true</transferable>
<deleteRule>NO ACTION</deleteRule>
</Relation>