<?xml version = '1.0' encoding = 'UTF-8'?>
<Relation class="oracle.dbtools.crest.model.design.logical.Relation" name="Relation_4" directorySegmentName="seg_0" id="12315E09-83C4-3FDF-C376-C7BAD040EB21">
<createdBy>mauri</createdBy>
<createdTime>2025-09-13 02:00:13 UTC</createdTime>
<ownerDesignName>CMU_SANRAFAEL</ownerDesignName>
<engineerTo>
<item key="FA9D8ECC-C3FC-E5D9-B5FD-C8935B87AA3E" value="true"/>
</engineerTo>
<sourcePk>5DCAB36E-A970-443B-6230-438FED00107E</sourcePk>
<identifying>false</identifying>
<optionalSource>false</optionalSource>
<optionalTarget>true</optionalTarget>
<sourceCardinality>1</sourceCardinality>
<sourceEntity>6EB8B13E-9620-EDAD-0627-9BDC2038120A</sourceEntity>
<targetCardinalityString>*</targetCardinalityString>
<targetEntity>057E7730-018E-0635-DB7E-5B2E1C91CD48</targetEntity>
<transferable>true</transferable>
<deleteRule>NO ACTION</deleteRule>
</Relation>