<?xml version = '1.0' encoding = 'UTF-8'?>
<Relation class="oracle.dbtools.crest.model.design.logical.Relation" name="Relation_14" directorySegmentName="seg_0" id="25FC3D98-BA61-451A-996A-6475B718E1FB">
<createdBy>mauri</createdBy>
<createdTime>2025-09-13 02:17:36 UTC</createdTime>
<ownerDesignName>CMU_SANRAFAEL</ownerDesignName>
<engineerTo>
<item key="FA9D8ECC-C3FC-E5D9-B5FD-C8935B87AA3E" value="true"/>
</engineerTo>
<sourcePk>06229A43-ED57-8961-C511-A470890497E3</sourcePk>
<identifying>false</identifying>
<optionalSource>false</optionalSource>
<optionalTarget>false</optionalTarget>
<sourceCardinality>1</sourceCardinality>
<sourceEntity>D3EDD02C-8F4B-A268-59EA-49D896121A85</sourceEntity>
<targetCardinalityString>*</targetCardinalityString>
<targetEntity>057E7730-018E-0635-DB7E-5B2E1C91CD48</targetEntity>
<transferable>true</transferable>
<deleteRule>NO ACTION</deleteRule>
</Relation>