<?xml version = '1.0' encoding = 'UTF-8'?>
<Relation class="oracle.dbtools.crest.model.design.logical.Relation" name="Relation_3" directorySegmentName="seg_0" id="322AF571-E1CF-DF6D-3D09-B319C98FE498">
<createdBy>mauri</createdBy>
<createdTime>2025-09-13 01:59:28 UTC</createdTime>
<ownerDesignName>CMU_SANRAFAEL</ownerDesignName>
<engineerTo>
<item key="FA9D8ECC-C3FC-E5D9-B5FD-C8935B87AA3E" value="true"/>
</engineerTo>
<sourcePk>C56C847D-75E5-78BD-EC80-A8A11B4A957E</sourcePk>
<identifying>false</identifying>
<optionalSource>false</optionalSource>
<optionalTarget>false</optionalTarget>
<sourceCardinality>1</sourceCardinality>
<sourceEntity>C7364209-90D0-FB9D-3BE0-E9F03508DFF6</sourceEntity>
<targetCardinalityString>*</targetCardinalityString>
<targetEntity>057E7730-018E-0635-DB7E-5B2E1C91CD48</targetEntity>
<transferable>true</transferable>
<deleteRule>NO ACTION</deleteRule>
</Relation>