<?xml version = '1.0' encoding = 'UTF-8'?>
<Relation class="oracle.dbtools.crest.model.design.logical.Relation" name="Relation_16" directorySegmentName="seg_0" id="465AD085-C45E-C0F2-A08C-EB6D2AA82BB6">
<createdBy>mauri</createdBy>
<createdTime>2025-09-13 03:30:09 UTC</createdTime>
<ownerDesignName>CMU_SANRAFAEL</ownerDesignName>
<engineerTo>
<item key="FA9D8ECC-C3FC-E5D9-B5FD-C8935B87AA3E" value="true"/>
</engineerTo>
<sourcePk>5DCAB36E-A970-443B-6230-438FED00107E</sourcePk>
<identifying>false</identifying>
<optionalSource>false</optionalSource>
<optionalTarget>false</optionalTarget>
<sourceCardinality>1</sourceCardinality>
<sourceEntity>6EB8B13E-9620-EDAD-0627-9BDC2038120A</sourceEntity>
<targetCardinalityString>*</targetCardinalityString>
<targetEntity>F948A0DF-7470-BBB6-D50C-8A012CA720F8</targetEntity>
<transferable>true</transferable>
<deleteRule>NO ACTION</deleteRule>
</Relation>