<?xml version = '1.0' encoding = 'UTF-8'?>
<Relation class="oracle.dbtools.crest.model.design.logical.Relation" name="Relation_17" directorySegmentName="seg_0" id="653ABFC3-62A1-7A26-6C9F-18E3E7A1DB02">
<createdBy>mauri</createdBy>
<createdTime>2025-09-13 03:35:35 UTC</createdTime>
<ownerDesignName>CMU_SANRAFAEL</ownerDesignName>
<engineerTo>
<item key="FA9D8ECC-C3FC-E5D9-B5FD-C8935B87AA3E" value="true"/>
</engineerTo>
<sourcePk>F4D76B3E-5E7D-12A8-846D-B99710A5F90C</sourcePk>
<identifying>false</identifying>
<optionalSource>false</optionalSource>
<optionalTarget>false</optionalTarget>
<sourceCardinality>1</sourceCardinality>
<sourceEntity>467E2B8F-4800-8293-3B3D-046E5A19DA75</sourceEntity>
<targetCardinalityString>1</targetCardinalityString>
<targetEntity>1515E5FD-94D7-F4A0-A4D0-630BD174F209</targetEntity>
<transferable>true</transferable>
<deleteRule>NO ACTION</deleteRule>
</Relation>