<?xml version = '1.0' encoding = 'UTF-8'?>
<Relation class="oracle.dbtools.crest.model.design.logical.Relation" name="Relation_2" directorySegmentName="seg_0" id="7CE069DB-04DA-4961-4A19-CF9D5768E421">
<createdBy>mauri</createdBy>
<createdTime>2025-09-13 01:58:39 UTC</createdTime>
<ownerDesignName>CMU_SANRAFAEL</ownerDesignName>
<engineerTo>
<item key="FA9D8ECC-C3FC-E5D9-B5FD-C8935B87AA3E" value="true"/>
</engineerTo>
<sourcePk>C58BB6B0-F040-C147-D9B3-52278A34CA70</sourcePk>
<identifying>false</identifying>
<optionalSource>false</optionalSource>
<optionalTarget>true</optionalTarget>
<sourceCardinality>1</sourceCardinality>
<sourceEntity>969C9626-A099-EF61-74DB-4BEB8C917024</sourceEntity>
<targetCardinalityString>*</targetCardinalityString>
<targetEntity>9296AF67-0069-72EC-AB91-D0016041B079</targetEntity>
<transferable>true</transferable>
<deleteRule>NO ACTION</deleteRule>
</Relation>