<?xml version = '1.0' encoding = 'UTF-8'?>
<Relation class="oracle.dbtools.crest.model.design.logical.Relation" name="Relation_12" directorySegmentName="seg_0" id="901F8601-65D3-062D-97C1-C08CF5E5A262">
<createdBy>mauri</createdBy>
<createdTime>2025-09-13 02:14:45 UTC</createdTime>
<ownerDesignName>CMU_SANRAFAEL</ownerDesignName>
<engineerTo>
<item key="FA9D8ECC-C3FC-E5D9-B5FD-C8935B87AA3E" value="true"/>
</engineerTo>
<sourcePk>6BC7179C-153D-32CE-BB31-2801CF92C01A</sourcePk>
<identifying>false</identifying>
<optionalSource>false</optionalSource>
<optionalTarget>false</optionalTarget>
<sourceCardinality>1</sourceCardinality>
<sourceEntity>A818D5C5-891D-A0C5-D57B-E0D6995F27D3</sourceEntity>
<targetCardinalityString>*</targetCardinalityString>
<targetEntity>1515E5FD-94D7-F4A0-A4D0-630BD174F209</targetEntity>
<transferable>true</transferable>
<deleteRule>NO ACTION</deleteRule>
</Relation>