<?xml version = '1.0' encoding = 'UTF-8'?>
<Relation class="oracle.dbtools.crest.model.design.logical.Relation" name="Relation_8" directorySegmentName="seg_0" id="9B91FF04-69EB-5AE3-691B-FB057F2CA3A0">
<createdBy>mauri</createdBy>
<createdTime>2025-09-13 02:02:38 UTC</createdTime>
<ownerDesignName>CMU_SANRAFAEL</ownerDesignName>
<engineerTo>
<item key="FA9D8ECC-C3FC-E5D9-B5FD-C8935B87AA3E" value="true"/>
</engineerTo>
<sourcePk>41B1E446-825E-B6CA-A9FD-C2EFAC8E23BB</sourcePk>
<targetPk>8CF7D9DE-56E5-E9A3-5024-836E1494659F</targetPk>
<identifying>false</identifying>
<optionalSource>false</optionalSource>
<optionalTarget>true</optionalTarget>
<sourceCardinality>1</sourceCardinality>
<sourceEntity>F948A0DF-7470-BBB6-D50C-8A012CA720F8</sourceEntity>
<targetCardinalityString>1</targetCardinalityString>
<targetEntity>976ECF15-3CC9-892D-D3E3-AC693DA661C8</targetEntity>
<transferable>true</transferable>
<deleteRule>NO ACTION</deleteRule>
</Relation>