<?xml version = '1.0' encoding = 'UTF-8'?>
<Relation class="oracle.dbtools.crest.model.design.logical.Relation" name="Relation_18" directorySegmentName="seg_0" id="A152F4C4-5F84-6678-02AA-A0D2414FCEFA">
<createdBy>mauri</createdBy>
<createdTime>2025-09-13 03:39:44 UTC</createdTime>
<ownerDesignName>CMU_SANRAFAEL</ownerDesignName>
<engineerTo>
<item key="FA9D8ECC-C3FC-E5D9-B5FD-C8935B87AA3E" value="true"/>
</engineerTo>
<targetPk>E53E1C0D-3E26-4D25-BFC1-03B8A260F64F</targetPk>
<identifying>false</identifying>
<nameOnSource>supervisa</nameOnSource>
<nameOnTarget>es supervisado</nameOnTarget>
<optionalSource>false</optionalSource>
<optionalTarget>false</optionalTarget>
<sourceCardinality>*</sourceCardinality>
<sourceEntity>057E7730-018E-0635-DB7E-5B2E1C91CD48</sourceEntity>
<targetCardinalityString>1</targetCardinalityString>
<targetEntity>057E7730-018E-0635-DB7E-5B2E1C91CD48</targetEntity>
<transferable>true</transferable>
<deleteRule>NO ACTION</deleteRule>
</Relation>