<?xml version = '1.0' encoding = 'UTF-8'?>
<Relation class="oracle.dbtools.crest.model.design.logical.Relation" name="Relation_13" directorySegmentName="seg_0" id="C3C7C00F-A425-43E0-E548-8F26E90F6275">
<createdBy>mauri</createdBy>
<createdTime>2025-09-13 02:14:51 UTC</createdTime>
<ownerDesignName>CMU_SANRAFAEL</ownerDesignName>
<engineerTo>
<item key="FA9D8ECC-C3FC-E5D9-B5FD-C8935B87AA3E" value="true"/>
</engineerTo>
<sourcePk>6EEEF8BE-1B68-D835-00EE-94B9AE680235</sourcePk>
<identifying>false</identifying>
<optionalSource>false</optionalSource>
<optionalTarget>false</optionalTarget>
<sourceCardinality>1</sourceCardinality>
<sourceEntity>FF122EF5-47F7-B80F-EC19-3CF34F2D14C9</sourceEntity>
<targetCardinalityString>*</targetCardinalityString>
<targetEntity>1515E5FD-94D7-F4A0-A4D0-630BD174F209</targetEntity>
<transferable>true</transferable>
<deleteRule>NO ACTION</deleteRule>
</Relation>