<?xml version = '1.0' encoding = 'UTF-8'?>
<Relation class="oracle.dbtools.crest.model.design.logical.Relation" name="Relation_7" directorySegmentName="seg_0" id="D20A379F-3DF9-91F5-A4AB-79493441973A">
<createdBy>mauri</createdBy>
<createdTime>2025-09-13 02:02:11 UTC</createdTime>
<ownerDesignName>CMU_SANRAFAEL</ownerDesignName>
<engineerTo>
<item key="FA9D8ECC-C3FC-E5D9-B5FD-C8935B87AA3E" value="true"/>
</engineerTo>
<sourcePk>E53E1C0D-3E26-4D25-BFC1-03B8A260F64F</sourcePk>
<identifying>false</identifying>
<optionalSource>false</optionalSource>
<optionalTarget>false</optionalTarget>
<sourceCardinality>1</sourceCardinality>
<sourceEntity>057E7730-018E-0635-DB7E-5B2E1C91CD48</sourceEntity>
<targetCardinalityString>*</targetCardinalityString>
<targetEntity>F948A0DF-7470-BBB6-D50C-8A012CA720F8</targetEntity>
<transferable>true</transferable>
<deleteRule>NO ACTION</deleteRule>
</Relation>