<?xml version = '1.0' encoding = 'UTF-8'?>
<Relation class="oracle.dbtools.crest.model.design.logical.Relation" name="Relation_6" directorySegmentName="seg_0" id="D79E2AFC-40A4-44DB-17C1-4A906D9FAD8B">
<createdBy>mauri</createdBy>
<createdTime>2025-09-13 02:01:13 UTC</createdTime>
<ownerDesignName>CMU_SANRAFAEL</ownerDesignName>
<engineerTo>
<item key="FA9D8ECC-C3FC-E5D9-B5FD-C8935B87AA3E" value="true"/>
</engineerTo>
<sourcePk>D98CDDC1-3639-1D81-D608-A9AAB32BCC08</sourcePk>
<identifying>false</identifying>
<optionalSource>false</optionalSource>
<optionalTarget>false</optionalTarget>
<sourceCardinality>1</sourceCardinality>
<sourceEntity>9296AF67-0069-72EC-AB91-D0016041B079</sourceEntity>
<targetCardinalityString>*</targetCardinalityString>
<targetEntity>F948A0DF-7470-BBB6-D50C-8A012CA720F8</targetEntity>
<transferable>true</transferable>
<deleteRule>NO ACTION</deleteRule>
</Relation>