<?xml version = '1.0' encoding = 'UTF-8'?>
<Relation class="oracle.dbtools.crest.model.design.logical.Relation" name="Relation_1" directorySegmentName="seg_0" id="F148BE20-679D-8326-6E8A-4F1700809D83">
<createdBy>mauri</createdBy>
<createdTime>2025-09-12 17:19:23 UTC</createdTime>
<ownerDesignName>CMU_SANRAFAEL</ownerDesignName>
<engineerTo>
<item key="FA9D8ECC-C3FC-E5D9-B5FD-C8935B87AA3E" value="true"/>
</engineerTo>
<sourcePk>FE217D0A-ADF0-7834-F00B-F88E27EBCCB4</sourcePk>
<identifying>false</identifying>
<optionalSource>false</optionalSource>
<optionalTarget>false</optionalTarget>
<sourceCardinality>1</sourceCardinality>
<sourceEntity>FFAAC28E-DA5B-8CB4-B0E5-61087F257ED5</sourceEntity>
<targetCardinalityString>*</targetCardinalityString>
<targetEntity>969C9626-A099-EF61-74DB-4BEB8C917024</targetEntity>
<transferable>true</transferable>
<deleteRule>NO ACTION</deleteRule>
</Relation>