<?xml version = '1.0' encoding = 'UTF-8'?>
<Entity class="oracle.dbtools.crest.model.design.logical.Entity" directorySegmentName="seg_0" id="1515E5FD-94D7-F4A0-A4D0-630BD174F209" name="DETALLE_ORDEN_EXAMEN">
<createdBy>mauri</createdBy>
<createdTime>2025-09-13 01:32:14 UTC</createdTime>
<ownerDesignName>CMU_SANRAFAEL</ownerDesignName>
<engineerTo>
<item key="FA9D8ECC-C3FC-E5D9-B5FD-C8935B87AA3E" value="true"/>
</engineerTo>
<adequatelyNormalized>NO</adequatelyNormalized>
<expectedVolumes>0</expectedVolumes>
<fwdEngineeringStrategyName>Single Table</fwdEngineeringStrategyName>
<growthPercent>0</growthPercent>
<growthType>Year</growthType>
<maxVolumes>9999999</maxVolumes>
<minVolumes>0</minVolumes>
<normalForm>Third</normalForm>
<attributes itemClass="oracle.dbtools.crest.model.design.logical.Attribute">
<Attribute name="observaciones" id="090EC11B-4920-0D94-F568-9C31DAA43156">
<createdBy>mauri</createdBy>
<createdTime>2025-09-13 01:32:28 UTC</createdTime>
<ownerDesignName>CMU_SANRAFAEL</ownerDesignName>
<engineerTo>
<item key="FA9D8ECC-C3FC-E5D9-B5FD-C8935B87AA3E" value="true"/>
</engineerTo>
<nullsAllowed>true</nullsAllowed>
<useDomainConstraints>false</useDomainConstraints>
<use>1</use>
<logicalDatatype>LOGDT024</logicalDatatype>
<dataTypeSize>500</dataTypeSize>
<ownDataTypeParameters>500,,</ownDataTypeParameters>
</Attribute>
<Attribute name="cod_examen" id="115278A2-E1B4-6EDC-70B4-FC830BCB1AAF">
<createdBy>mauri</createdBy>
<createdTime>2025-09-13 02:14:45 UTC</createdTime>
<generatorID>901F8601-65D3-062D-97C1-C08CF5E5A262</generatorID>
<ownerDesignName>CMU_SANRAFAEL</ownerDesignName>
<engineerTo>
<item key="FA9D8ECC-C3FC-E5D9-B5FD-C8935B87AA3E" value="true"/>
</engineerTo>
<referedAttribute>5E0DC5E8-BBAE-9749-1E7E-3566E5DA599B</referedAttribute>
<useDomainConstraints>false</useDomainConstraints>
<use>1</use>
<logicalDatatype>LOGDT024</logicalDatatype>
<dataTypeSize>12</dataTypeSize>
<ownDataTypeParameters>12,,</ownDataTypeParameters>
</Attribute>
<Attribute name="id_orden" id="F3BD0C05-BECC-118B-888D-6F7EE7E74BD9">
<createdBy>mauri</createdBy>
<createdTime>2025-09-13 02:14:51 UTC</createdTime>
<generatorID>C3C7C00F-A425-43E0-E548-8F26E90F6275</generatorID>
<ownerDesignName>CMU_SANRAFAEL</ownerDesignName>
<engineerTo>
<item key="FA9D8ECC-C3FC-E5D9-B5FD-C8935B87AA3E" value="true"/>
</engineerTo>
<referedAttribute>C2842EC7-60F1-DA35-5595-1D860F71C4AB</referedAttribute>
<useDomainConstraints>false</useDomainConstraints>
<use>1</use>
<logicalDatatype>LOGDT019</logicalDatatype>
<dataTypePrecision>12</dataTypePrecision>
<ownDataTypeParameters>,12,</ownDataTypeParameters>
</Attribute>
<Attribute name="id_resultado" id="56042685-ED96-7093-523B-16A73CCA9839">
<createdBy>mauri</createdBy>
<createdTime>2025-09-13 03:35:35 UTC</createdTime>
<generatorID>653ABFC3-62A1-7A26-6C9F-18E3E7A1DB02</generatorID>
<ownerDesignName>CMU_SANRAFAEL</ownerDesignName>
<engineerTo>
<item key="FA9D8ECC-C3FC-E5D9-B5FD-C8935B87AA3E" value="true"/>
</engineerTo>
<referedAttribute>B0809615-EDAF-898A-090F-758076E742CB</referedAttribute>
<useDomainConstraints>false</useDomainConstraints>
<use>1</use>
<logicalDatatype>LOGDT019</logicalDatatype>
<dataTypePrecision>12</dataTypePrecision>
<ownDataTypeParameters>,12,</ownDataTypeParameters>
</Attribute>
</attributes>
</Entity>