<?xml version = '1.0' encoding = 'UTF-8'?>
<Entity class="oracle.dbtools.crest.model.design.logical.Entity" directorySegmentName="seg_0" id="969C9626-A099-EF61-74DB-4BEB8C917024" name="COMUNA">
<createdBy>mauri</createdBy>
<createdTime>2025-09-12 17:17:23 UTC</createdTime>
<ownerDesignName>CMU_SANRAFAEL</ownerDesignName>
<engineerTo>
<item key="FA9D8ECC-C3FC-E5D9-B5FD-C8935B87AA3E" value="true"/>
</engineerTo>
<adequatelyNormalized>NO</adequatelyNormalized>
<expectedVolumes>0</expectedVolumes>
<fwdEngineeringStrategyName>Single Table</fwdEngineeringStrategyName>
<growthPercent>0</growthPercent>
<growthType>Year</growthType>
<maxVolumes>9999999</maxVolumes>
<minVolumes>0</minVolumes>
<normalForm>Third</normalForm>
<attributes itemClass="oracle.dbtools.crest.model.design.logical.Attribute">
<Attribute name="id_comuna" id="7A4D9511-6256-0F8C-1F44-FD7412B4E919">
<createdBy>mauri</createdBy>
<createdTime>2025-09-12 17:17:33 UTC</createdTime>
<ownerDesignName>CMU_SANRAFAEL</ownerDesignName>
<engineerTo>
<item key="FA9D8ECC-C3FC-E5D9-B5FD-C8935B87AA3E" value="true"/>
</engineerTo>
<useDomainConstraints>false</useDomainConstraints>
<use>1</use>
<logicalDatatype>LOGDT019</logicalDatatype>
<dataTypePrecision>5</dataTypePrecision>
<ownDataTypeParameters>,5,</ownDataTypeParameters>
</Attribute>
<Attribute name="nombre_comuna" id="5C3BDD00-68E4-9305-097E-ED9D31E3E4E4">
<createdBy>mauri</createdBy>
<createdTime>2025-09-12 17:18:29 UTC</createdTime>
<ownerDesignName>CMU_SANRAFAEL</ownerDesignName>
<engineerTo>
<item key="FA9D8ECC-C3FC-E5D9-B5FD-C8935B87AA3E" value="true"/>
</engineerTo>
<useDomainConstraints>false</useDomainConstraints>
<use>1</use>
<logicalDatatype>LOGDT024</logicalDatatype>
<dataTypeSize>60</dataTypeSize>
<ownDataTypeParameters>60,,</ownDataTypeParameters>
</Attribute>
<Attribute name="id_region" id="0880C0B1-EB5E-9A34-A44A-E19B69DED46A">
<createdBy>mauri</createdBy>
<createdTime>2025-09-12 17:19:23 UTC</createdTime>
<generatorID>F148BE20-679D-8326-6E8A-4F1700809D83</generatorID>
<ownerDesignName>CMU_SANRAFAEL</ownerDesignName>
<engineerTo>
<item key="FA9D8ECC-C3FC-E5D9-B5FD-C8935B87AA3E" value="true"/>
</engineerTo>
<referedAttribute>9D7FE5B2-6F5B-3D48-7AB6-7DA9B1C055D9</referedAttribute>
<useDomainConstraints>false</useDomainConstraints>
<use>1</use>
<logicalDatatype>LOGDT019</logicalDatatype>
<dataTypePrecision>3</dataTypePrecision>
<ownDataTypeParameters>,3,</ownDataTypeParameters>
</Attribute>
</attributes>
<identifiers itemClass="oracle.dbtools.crest.model.design.logical.CandidateKey">
<identifier id="C58BB6B0-F040-C147-D9B3-52278A34CA70" name="COMUNA PK">
<createdBy>mauri</createdBy>
<createdTime>2025-09-12 17:18:21 UTC</createdTime>
<ownerDesignName>CMU_SANRAFAEL</ownerDesignName>
<shouldEngineer>false</shouldEngineer>
<engineerTo>
<item key="FA9D8ECC-C3FC-E5D9-B5FD-C8935B87AA3E" value="false"/>
</engineerTo>
<pk>true</pk>
<usedAttributes>
<attributeRef>7A4D9511-6256-0F8C-1F44-FD7412B4E919</attributeRef>
</usedAttributes>
</identifier>
</identifiers>
</Entity>