<?xml version = '1.0' encoding = 'UTF-8'?>
<Entity class="oracle.dbtools.crest.model.design.logical.Entity" directorySegmentName="seg_0" id="976ECF15-3CC9-892D-D3E3-AC693DA661C8" name="PAGO_ATENCION">
<createdBy>mauri</createdBy>
<createdTime>2025-09-13 01:20:45 UTC</createdTime>
<ownerDesignName>CMU_SANRAFAEL</ownerDesignName>
<engineerTo>
<item key="FA9D8ECC-C3FC-E5D9-B5FD-C8935B87AA3E" value="true"/>
</engineerTo>
<adequatelyNormalized>NO</adequatelyNormalized>
<expectedVolumes>0</expectedVolumes>
<fwdEngineeringStrategyName>Single Table</fwdEngineeringStrategyName>
<growthPercent>0</growthPercent>
<growthType>Year</growthType>
<maxVolumes>9999999</maxVolumes>
<minVolumes>0</minVolumes>
<normalForm>Third</normalForm>
<attributes itemClass="oracle.dbtools.crest.model.design.logical.Attribute">
<Attribute name="id_pago" id="06F8CBED-BFBB-42CD-B469-311A6599F0E1">
<createdBy>mauri</createdBy>
<createdTime>2025-09-13 01:21:02 UTC</createdTime>
<ownerDesignName>CMU_SANRAFAEL</ownerDesignName>
<engineerTo>
<item key="FA9D8ECC-C3FC-E5D9-B5FD-C8935B87AA3E" value="true"/>
</engineerTo>
<useDomainConstraints>false</useDomainConstraints>
<use>1</use>
<logicalDatatype>LOGDT019</logicalDatatype>
<dataTypePrecision>12</dataTypePrecision>
<ownDataTypeParameters>,12,</ownDataTypeParameters>
</Attribute>
<Attribute name="tipo_pago" id="7BAE9286-DB02-0661-455E-92ACA59581D8">
<createdBy>mauri</createdBy>
<createdTime>2025-09-13 01:21:22 UTC</createdTime>
<ownerDesignName>CMU_SANRAFAEL</ownerDesignName>
<engineerTo>
<item key="FA9D8ECC-C3FC-E5D9-B5FD-C8935B87AA3E" value="true"/>
</engineerTo>
<constraintName>CK_TIPO_PAGO</constraintName>
<useDomainConstraints>false</useDomainConstraints>
<use>1</use>
<logicalDatatype>LOGDT024</logicalDatatype>
<dataTypeSize>12</dataTypeSize>
<listOfValues>
<valueDef value="&apos;CONVENIO&apos;" description=""/>
<valueDef value="&apos;EFECTIVO&apos;" description=""/>
<valueDef value="&apos;TARJETA&apos;" description=""/>
</listOfValues>
<ownDataTypeParameters>12,,</ownDataTypeParameters>
</Attribute>
<Attribute name="monto_pagado" id="74BFA27B-732B-590C-B92F-4B2EF90D7704">
<createdBy>mauri</createdBy>
<createdTime>2025-09-13 01:22:53 UTC</createdTime>
<ownerDesignName>CMU_SANRAFAEL</ownerDesignName>
<engineerTo>
<item key="FA9D8ECC-C3FC-E5D9-B5FD-C8935B87AA3E" value="true"/>
</engineerTo>
<useDomainConstraints>false</useDomainConstraints>
<use>1</use>
<logicalDatatype>LOGDT019</logicalDatatype>
<dataTypePrecision>10</dataTypePrecision>
<dataTypeScale>2</dataTypeScale>
<ownDataTypeParameters>,10,2</ownDataTypeParameters>
</Attribute>
</attributes>
<identifiers itemClass="oracle.dbtools.crest.model.design.logical.CandidateKey">
<identifier id="8CF7D9DE-56E5-E9A3-5024-836E1494659F" name="PAGO_ATENCION PK">
<createdBy>mauri</createdBy>
<createdTime>2025-09-13 01:21:20 UTC</createdTime>
<ownerDesignName>CMU_SANRAFAEL</ownerDesignName>
<shouldEngineer>false</shouldEngineer>
<engineerTo>
<item key="FA9D8ECC-C3FC-E5D9-B5FD-C8935B87AA3E" value="false"/>
</engineerTo>
<pk>true</pk>
<usedAttributes>
<attributeRef>06F8CBED-BFBB-42CD-B469-311A6599F0E1</attributeRef>
</usedAttributes>
</identifier>
</identifiers>
</Entity>