<?xml version = '1.0' encoding = 'UTF-8'?>
<Entity class="oracle.dbtools.crest.model.design.logical.Entity" directorySegmentName="seg_0" id="D3EDD02C-8F4B-A268-59EA-49D896121A85" name="INSTITUCION_SALUD">
<createdBy>mauri</createdBy>
<createdTime>2025-09-12 23:09:49 UTC</createdTime>
<ownerDesignName>CMU_SANRAFAEL</ownerDesignName>
<engineerTo>
<item key="FA9D8ECC-C3FC-E5D9-B5FD-C8935B87AA3E" value="true"/>
</engineerTo>
<adequatelyNormalized>NO</adequatelyNormalized>
<expectedVolumes>0</expectedVolumes>
<fwdEngineeringStrategyName>Single Table</fwdEngineeringStrategyName>
<growthPercent>0</growthPercent>
<growthType>Year</growthType>
<maxVolumes>9999999</maxVolumes>
<minVolumes>0</minVolumes>
<normalForm>Third</normalForm>
<attributes itemClass="oracle.dbtools.crest.model.design.logical.Attribute">
<Attribute name="cod_inst_salud" id="7D9ECAFE-C198-ABDE-C633-C03143004220">
<createdBy>mauri</createdBy>
<createdTime>2025-09-12 23:10:08 UTC</createdTime>
<ownerDesignName>CMU_SANRAFAEL</ownerDesignName>
<engineerTo>
<item key="FA9D8ECC-C3FC-E5D9-B5FD-C8935B87AA3E" value="true"/>
</engineerTo>
<useDomainConstraints>false</useDomainConstraints>
<use>1</use>
<logicalDatatype>LOGDT024</logicalDatatype>
<dataTypeSize>10</dataTypeSize>
<ownDataTypeParameters>10,,</ownDataTypeParameters>
</Attribute>
<Attribute name="name_ins_salud" id="DD8B7F3E-15CA-539C-FD93-0D71D5CDED7C">
<createdBy>mauri</createdBy>
<createdTime>2025-09-12 23:10:33 UTC</createdTime>
<ownerDesignName>CMU_SANRAFAEL</ownerDesignName>
<engineerTo>
<item key="FA9D8ECC-C3FC-E5D9-B5FD-C8935B87AA3E" value="true"/>
</engineerTo>
<useDomainConstraints>false</useDomainConstraints>
<use>1</use>
<logicalDatatype>LOGDT024</logicalDatatype>
<dataTypeSize>60</dataTypeSize>
<ownDataTypeParameters>60,,</ownDataTypeParameters>
</Attribute>
</attributes>
<identifiers itemClass="oracle.dbtools.crest.model.design.logical.CandidateKey">
<identifier id="06229A43-ED57-8961-C511-A470890497E3" name="INSTITUCION_SALUD PK">
<createdBy>mauri</createdBy>
<createdTime>2025-09-12 23:10:32 UTC</createdTime>
<ownerDesignName>CMU_SANRAFAEL</ownerDesignName>
<shouldEngineer>false</shouldEngineer>
<engineerTo>
<item key="FA9D8ECC-C3FC-E5D9-B5FD-C8935B87AA3E" value="false"/>
</engineerTo>
<pk>true</pk>
<usedAttributes>
<attributeRef>7D9ECAFE-C198-ABDE-C633-C03143004220</attributeRef>
</usedAttributes>
</identifier>
</identifiers>
</Entity>