<?xml version = '1.0' encoding = 'UTF-8'?>
<Table class="oracle.dbtools.crest.model.design.relational.Table" directorySegmentName="seg_0" id="418296B1-536E-BD76-0D03-EFDC200F259B" name="EXAMEN">
<createdBy>mauri</createdBy>
<createdTime>2025-09-13 21:48:46 UTC</createdTime>
<generatorID>A818D5C5-891D-A0C5-D57B-E0D6995F27D3</generatorID>
<ownerDesignName>CMU_SANRAFAEL</ownerDesignName>
<allowColumnReorder>false</allowColumnReorder>
<existDependencyGenerateInDDl>true</existDependencyGenerateInDDl>
<parsed>true</parsed>
<columns itemClass="oracle.dbtools.crest.model.design.relational.Column">
<Column name="cod_examen" id="6BBDE32C-88DE-71A0-97F4-F43ECF98AC36">
<createdBy>mauri</createdBy>
<createdTime>2025-09-13 21:48:46 UTC</createdTime>
<generatorID>5E0DC5E8-BBAE-9749-1E7E-3566E5DA599B</generatorID>
<ownerDesignName>CMU_SANRAFAEL</ownerDesignName>
<useDomainConstraints>false</useDomainConstraints>
<use>1</use>
<logicalDatatype>LOGDT024</logicalDatatype>
<dataTypeSize>12</dataTypeSize>
<ownDataTypeParameters>12,,</ownDataTypeParameters>
<autoIncrementCycle>false</autoIncrementCycle>
</Column>
<Column name="nombre_examen" id="89B7D3FF-20F2-3ABD-24CB-3EB47DBF7B33">
<createdBy>mauri</createdBy>
<createdTime>2025-09-13 21:48:46 UTC</createdTime>
<generatorID>0C119BB6-2F62-9412-538B-B4E71140E930</generatorID>
<ownerDesignName>CMU_SANRAFAEL</ownerDesignName>
<useDomainConstraints>false</useDomainConstraints>
<use>1</use>
<logicalDatatype>LOGDT024</logicalDatatype>
<dataTypeSize>80</dataTypeSize>
<ownDataTypeParameters>80,,</ownDataTypeParameters>
<autoIncrementCycle>false</autoIncrementCycle>
</Column>
<Column name="tipo_muestra" id="79EB84D8-3E79-7287-E37B-B18153EDCAFF">
<createdBy>mauri</createdBy>
<createdTime>2025-09-13 21:48:46 UTC</createdTime>
<generatorID>05F9227C-8A2C-6513-C567-2D9649DA71D8</generatorID>
<ownerDesignName>CMU_SANRAFAEL</ownerDesignName>
<useDomainConstraints>false</useDomainConstraints>
<use>1</use>
<logicalDatatype>LOGDT024</logicalDatatype>
<dataTypeSize>40</dataTypeSize>
<ownDataTypeParameters>40,,</ownDataTypeParameters>
<autoIncrementCycle>false</autoIncrementCycle>
</Column>
<Column name="condiciones_preparacion" id="3B16BEB3-D34A-FDF8-0BF7-399AD9C7E419">
<createdBy>mauri</createdBy>
<createdTime>2025-09-13 21:48:46 UTC</createdTime>
<commentInRDBMS><![CDATA[eje: "ayuno"]]></commentInRDBMS>
<generatorID>9C6A5155-7CFE-79B9-67A4-D6A8F7E50E50</generatorID>
<ownerDesignName>CMU_SANRAFAEL</ownerDesignName>
<nullsAllowed>true</nullsAllowed>
<useDomainConstraints>false</useDomainConstraints>
<use>1</use>
<logicalDatatype>LOGDT024</logicalDatatype>
<dataTypeSize>120</dataTypeSize>
<ownDataTypeParameters>120,,</ownDataTypeParameters>
<autoIncrementCycle>false</autoIncrementCycle>
</Column>
</columns>
<indexes itemClass="oracle.dbtools.crest.model.design.relational.Index">
<ind_PK_UK id="1581BC81-8B97-D6C8-F508-B45A39BDDECF" name="PK_EXAMEN">
<createdBy>mauri</createdBy>
<createdTime>2025-09-13 21:48:46 UTC</createdTime>
<generatorID>6BC7179C-153D-32CE-BB31-2801CF92C01A</generatorID>
<ownerDesignName>CMU_SANRAFAEL</ownerDesignName>
<pk>true</pk>
<indexState>Primary Constraint</indexState>
<isSurrogateKey>false</isSurrogateKey>
<indexColumnUsage>
<colUsage columnID="6BBDE32C-88DE-71A0-97F4-F43ECF98AC36"/>
</indexColumnUsage>
</ind_PK_UK>
</indexes>
</Table>