<?xml version = '1.0' encoding = 'UTF-8'?>
<Table class="oracle.dbtools.crest.model.design.relational.Table" directorySegmentName="seg_0" id="4D429175-0985-85AC-2354-3CBF13FCFBCD" name="ATENCION_MEDICA">
<createdBy>mauri</createdBy>
<createdTime>2025-09-13 21:48:46 UTC</createdTime>
<generatorID>F948A0DF-7470-BBB6-D50C-8A012CA720F8</generatorID>
<ownerDesignName>CMU_SANRAFAEL</ownerDesignName>
<allowColumnReorder>false</allowColumnReorder>
<existDependencyGenerateInDDl>true</existDependencyGenerateInDDl>
<parsed>true</parsed>
<columns itemClass="oracle.dbtools.crest.model.design.relational.Column">
<Column name="id_atencion" id="1EB35F2C-BFD6-26D2-2E31-8123F390C4CC">
<createdBy>mauri</createdBy>
<createdTime>2025-09-13 21:48:46 UTC</createdTime>
<generatorID>50E5A1C5-9910-2CCC-369D-81AAF01CAC29</generatorID>
<ownerDesignName>CMU_SANRAFAEL</ownerDesignName>
<useDomainConstraints>false</useDomainConstraints>
<use>1</use>
<logicalDatatype>LOGDT019</logicalDatatype>
<dataTypePrecision>10</dataTypePrecision>
<ownDataTypeParameters>,10,</ownDataTypeParameters>
<autoIncrementCycle>false</autoIncrementCycle>
</Column>
<Column name="fecha_hora" id="FA6996E7-44FC-B3C9-CF78-90A70BA7BEC0">
<createdBy>mauri</createdBy>
<createdTime>2025-09-13 21:48:46 UTC</createdTime>
<generatorID>1E394AA3-60D6-1AFD-8A76-8EE2229299C6</generatorID>
<ownerDesignName>CMU_SANRAFAEL</ownerDesignName>
<useDomainConstraints>false</useDomainConstraints>
<use>1</use>
<logicalDatatype>LOGDT007</logicalDatatype>
<ownDataTypeParameters>,,</ownDataTypeParameters>
<autoIncrementCycle>false</autoIncrementCycle>
</Column>
<Column name="tipo_atencion" id="05AB87AA-95EC-42C6-A94B-C1EAF87E8392">
<createdBy>mauri</createdBy>
<createdTime>2025-09-13 21:48:46 UTC</createdTime>
<generatorID>E63D6D3F-BDF9-91AC-FE16-BBD6D328A802</generatorID>
<ownerDesignName>CMU_SANRAFAEL</ownerDesignName>
<constraintName>CK_TIPO_ATENCION</constraintName>
<useDomainConstraints>false</useDomainConstraints>
<use>1</use>
<logicalDatatype>LOGDT024</logicalDatatype>
<dataTypeSize>12</dataTypeSize>
<listOfValues>
<valueDef value="&quot;GENERAL&quot;" description=""/>
<valueDef value="&quot;PREVENTIVA&quot;" description=""/>
<valueDef value="&quot;URGENCIA&quot;" description=""/>
</listOfValues>
<ownDataTypeParameters>12,,</ownDataTypeParameters>
<autoIncrementCycle>false</autoIncrementCycle>
</Column>
<Column name="diagnostico" id="07A25A3D-9AE8-1606-DD58-FF9401654D36">
<createdBy>mauri</createdBy>
<createdTime>2025-09-13 21:48:46 UTC</createdTime>
<generatorID>91269B23-418E-6A13-0F24-78B02A33D82B</generatorID>
<ownerDesignName>CMU_SANRAFAEL</ownerDesignName>
<nullsAllowed>true</nullsAllowed>
<useDomainConstraints>false</useDomainConstraints>
<use>1</use>
<logicalDatatype>LOGDT024</logicalDatatype>
<dataTypeSize>500</dataTypeSize>
<ownDataTypeParameters>500,,</ownDataTypeParameters>
<autoIncrementCycle>false</autoIncrementCycle>
</Column>
<Column name="modalidad" id="1B066B84-DD4B-8A1C-CC8E-2930344A06E1">
<createdBy>mauri</createdBy>
<createdTime>2025-09-13 21:48:46 UTC</createdTime>
<generatorID>BEB87211-6943-3601-EE27-FD11A828C7CE</generatorID>
<ownerDesignName>CMU_SANRAFAEL</ownerDesignName>
<constraintName>CK_MODALIDAD</constraintName>
<useDomainConstraints>false</useDomainConstraints>
<use>1</use>
<logicalDatatype>LOGDT024</logicalDatatype>
<dataTypeSize>10</dataTypeSize>
<listOfValues>
<valueDef value="&apos;PRESENCIAL&apos;" description=""/>
<valueDef value="&apos;VIRTUAL&apos;" description=""/>
</listOfValues>
<ownDataTypeParameters>10,,</ownDataTypeParameters>
<autoIncrementCycle>false</autoIncrementCycle>
</Column>
<Column name="PACIENTE_rut_paciente" id="201E4A23-6310-1B98-E3AB-28D5672D617C">
<createdBy>mauri</createdBy>
<createdTime>2025-09-13 21:48:46 UTC</createdTime>
<generatorID>21D79A63-7C7F-90CD-3AED-189E65792F7A</generatorID>
<ownerDesignName>CMU_SANRAFAEL</ownerDesignName>
<useDomainConstraints>false</useDomainConstraints>
<use>1</use>
<logicalDatatype>LOGDT024</logicalDatatype>
<dataTypeSize>12</dataTypeSize>
<ownDataTypeParameters>,,</ownDataTypeParameters>
<previousColumn>false</previousColumn>
<autoIncrementCycle>false</autoIncrementCycle>
<associations>
<colAssociation fkAssociation="827287A6-3F5E-88E0-564E-C04895094F14" referredColumn="DDF4A75E-F57B-9D08-970E-32D247314A22"/>
</associations>
</Column>
<Column name="MEDICO_rut_medico" id="E812A9E0-3073-B9D5-C96C-A8DD9827E6C9">
<createdBy>mauri</createdBy>
<createdTime>2025-09-13 21:48:46 UTC</createdTime>
<generatorID>5C7CCC70-26DD-3142-41D6-5C6C9D4E431B</generatorID>
<ownerDesignName>CMU_SANRAFAEL</ownerDesignName>
<useDomainConstraints>false</useDomainConstraints>
<use>1</use>
<logicalDatatype>LOGDT024</logicalDatatype>
<dataTypeSize>12</dataTypeSize>
<ownDataTypeParameters>,,</ownDataTypeParameters>
<previousColumn>false</previousColumn>
<autoIncrementCycle>false</autoIncrementCycle>
<associations>
<colAssociation fkAssociation="850134C3-6F78-CBA6-3C42-0C6DE4710A1F" referredColumn="DDE1FFF5-A782-AB01-E484-A8D44908BFA0"/>
</associations>
</Column>
<Column name="PAGO_ATENCION_id_pago" id="6502C86F-F9F8-6289-3173-1813618BF749">
<createdBy>mauri</createdBy>
<createdTime>2025-09-13 21:48:46 UTC</createdTime>
<generatorID>3FDCB435-58DC-E7F6-8F91-24C6016F6DD3</generatorID>
<ownerDesignName>CMU_SANRAFAEL</ownerDesignName>
<useDomainConstraints>false</useDomainConstraints>
<use>1</use>
<logicalDatatype>LOGDT019</logicalDatatype>
<dataTypePrecision>12</dataTypePrecision>
<ownDataTypeParameters>,,</ownDataTypeParameters>
<previousColumn>false</previousColumn>
<autoIncrementCycle>false</autoIncrementCycle>
<associations>
<colAssociation fkAssociation="C0309238-F078-AB92-E7A7-630A87745111" referredColumn="05EFE2F6-423C-0D59-1FAC-6701AC4797DD"/>
</associations>
</Column>
<Column name="ESPECIALIDAD_id_especialidad" id="4C7339BC-DE36-879F-4478-07B9DF7EDBA2">
<createdBy>mauri</createdBy>
<createdTime>2025-09-13 21:48:46 UTC</createdTime>
<generatorID>771A5BA6-F798-0898-B6C4-0EA48A11EDA7</generatorID>
<ownerDesignName>CMU_SANRAFAEL</ownerDesignName>
<useDomainConstraints>false</useDomainConstraints>
<use>1</use>
<logicalDatatype>LOGDT019</logicalDatatype>
<dataTypePrecision>3</dataTypePrecision>
<ownDataTypeParameters>,,</ownDataTypeParameters>
<previousColumn>false</previousColumn>
<autoIncrementCycle>false</autoIncrementCycle>
<associations>
<colAssociation fkAssociation="AAE73306-D351-2DE2-BACE-47D44785054E" referredColumn="99A13826-4F8C-E8D7-5459-671F3587ABA2"/>
</associations>
</Column>
</columns>
<indexes itemClass="oracle.dbtools.crest.model.design.relational.Index">
<ind_PK_UK id="E01D3DEE-9CD5-06C6-6C9E-F6E55929F767" name="PK_ATENCION_MEDICA">
<createdBy>mauri</createdBy>
<createdTime>2025-09-13 21:48:46 UTC</createdTime>
<generatorID>41B1E446-825E-B6CA-A9FD-C2EFAC8E23BB</generatorID>
<ownerDesignName>CMU_SANRAFAEL</ownerDesignName>
<pk>true</pk>
<indexState>Primary Constraint</indexState>
<isSurrogateKey>false</isSurrogateKey>
<indexColumnUsage>
<colUsage columnID="1EB35F2C-BFD6-26D2-2E31-8123F390C4CC"/>
</indexColumnUsage>
</ind_PK_UK>
<ind_PK_UK id="41E19555-E917-A27A-DC76-1FCB5D96871F" name="ATENCION_MEDICA__IDX">
<createdBy>mauri</createdBy>
<createdTime>2025-09-13 21:48:46 UTC</createdTime>
<ownerDesignName>CMU_SANRAFAEL</ownerDesignName>
<indexState>Unique Plain Index</indexState>
<isSurrogateKey>false</isSurrogateKey>
<relationGeneratorID>9B91FF04-69EB-5AE3-691B-FB057F2CA3A0</relationGeneratorID>
<indexColumnUsage>
<colUsage columnID="6502C86F-F9F8-6289-3173-1813618BF749"/>
</indexColumnUsage>
</ind_PK_UK>
<ind_PK_UK id="91DCFD8B-2B56-5833-05F7-2A2D5E1BEEF2" name="FK_ATENCION_MEDICA_ESPECIALIDAD">
<createdBy>mauri</createdBy>
<createdTime>2025-09-13 21:48:46 UTC</createdTime>
<generatorID>465AD085-C45E-C0F2-A08C-EB6D2AA82BB6</generatorID>
<ownerDesignName>CMU_SANRAFAEL</ownerDesignName>
<indexState>Foreign Key</indexState>
<isSurrogateKey>false</isSurrogateKey>
<indexColumnUsage>
<colUsage columnID="4C7339BC-DE36-879F-4478-07B9DF7EDBA2"/>
</indexColumnUsage>
</ind_PK_UK>
<ind_PK_UK id="E87EF261-D526-D425-8513-DE06E99F6A1B" name="FK_ATENCION_MEDICA_PACIENTE">
<createdBy>mauri</createdBy>
<createdTime>2025-09-13 21:48:46 UTC</createdTime>
<generatorID>D79E2AFC-40A4-44DB-17C1-4A906D9FAD8B</generatorID>
<ownerDesignName>CMU_SANRAFAEL</ownerDesignName>
<indexState>Foreign Key</indexState>
<isSurrogateKey>false</isSurrogateKey>
<indexColumnUsage>
<colUsage columnID="201E4A23-6310-1B98-E3AB-28D5672D617C"/>
</indexColumnUsage>
</ind_PK_UK>
<ind_PK_UK id="8E546348-7FBF-CF74-E991-D55A6AFCE909" name="FK_ATENCION_MEDICA_MEDICO">
<createdBy>mauri</createdBy>
<createdTime>2025-09-13 21:48:46 UTC</createdTime>
<generatorID>D20A379F-3DF9-91F5-A4AB-79493441973A</generatorID>
<ownerDesignName>CMU_SANRAFAEL</ownerDesignName>
<indexState>Foreign Key</indexState>
<isSurrogateKey>false</isSurrogateKey>
<indexColumnUsage>
<colUsage columnID="E812A9E0-3073-B9D5-C96C-A8DD9827E6C9"/>
</indexColumnUsage>
</ind_PK_UK>
<ind_PK_UK id="F81832BD-677E-831A-D857-4D3066F00263" name="FK_ATENCION_MEDICA_PAGO_ATENCION">
<createdBy>mauri</createdBy>
<createdTime>2025-09-13 21:48:46 UTC</createdTime>
<generatorID>9B91FF04-69EB-5AE3-691B-FB057F2CA3A0</generatorID>
<ownerDesignName>CMU_SANRAFAEL</ownerDesignName>
<indexState>Foreign Key</indexState>
<isSurrogateKey>false</isSurrogateKey>
<indexColumnUsage>
<colUsage columnID="6502C86F-F9F8-6289-3173-1813618BF749"/>
</indexColumnUsage>
</ind_PK_UK>
</indexes>
</Table>