<?xml version = '1.0' encoding = 'UTF-8'?>
<Diagram class="oracle.dbtools.crest.swingui.relational.DPVRelational" name="Relational_1" id="1A668C48-5A4C-8DD8-504A-6093FE8D56FC">
<createdBy>mauri</createdBy>
<modifiedBy>mauri</modifiedBy>
<createdTime>2025-09-12 17:09:20 UTC</createdTime>
<autoRoute>false</autoRoute>
<boxInbox>true</boxInbox>
<showLegend>false</showLegend>
<showLabels>false</showLabels>
<showRelAttributes>false</showRelAttributes>
<gridEnabled>false</gridEnabled>
<showGrid>false</showGrid>
<diagramColor>-1</diagramColor>
<display>false</display>
<notation>1</notation>
<objectViews>
<OView class="oracle.dbtools.crest.swingui.relational.TVTable" oid="0C6344FA-CAC5-22AC-E0B0-C11DB54B0264" otype="Table" vid="9D6525EA-0065-FC18-2B5C-1943D833878E">
<hideElementsInCurrentOnly>false</hideElementsInCurrentOnly>
<bounds x="1347" y="599" width="262" height="220"/>
</OView>
<OView class="oracle.dbtools.crest.swingui.relational.TVTable" oid="13F1ED81-4E02-2539-FC5F-8359A8635AA6" otype="Table" vid="6C441B24-D44D-7A39-5E21-6DB684A9AF18">
<hideElementsInCurrentOnly>false</hideElementsInCurrentOnly>
<bounds x="760" y="52" width="241" height="74"/>
</OView>
<OView class="oracle.dbtools.crest.swingui.relational.TVTable" oid="1F45653D-AC84-B4C3-5E0B-A315EACC8D45" otype="Table" vid="91598A04-6801-2D91-9983-1FDC5C0C7ADC">
<hideElementsInCurrentOnly>false</hideElementsInCurrentOnly>
<bounds x="191" y="504" width="396" height="184"/>
</OView>
<OView class="oracle.dbtools.crest.swingui.relational.TVTable" oid="231FB322-0E2B-E506-403C-2DAAD49BD931" otype="Table" vid="CA6D72D5-E514-561B-8140-BE6D04A3C249">
<hideElementsInCurrentOnly>false</hideElementsInCurrentOnly>
<bounds x="1351" y="130" width="254" height="88"/>
</OView>
<OView class="oracle.dbtools.crest.swingui.relational.TVTable" oid="29311E0B-01F5-E3F2-CD15-76ACF10580C6" otype="Table" vid="69D2DBF3-7D25-437E-D6CD-97F671D344B4">
<hideElementsInCurrentOnly>false</hideElementsInCurrentOnly>
<bounds x="1071" y="54" width="210" height="74"/>
</OView>
<OView class="oracle.dbtools.crest.swingui.relational.TVTable" oid="307BEAF8-49FA-0D8D-13BF-6C4B2114A2C7" otype="Table" vid="8465E6A9-BC08-C84F-DB04-82B803D164D1">
<hideElementsInCurrentOnly>false</hideElementsInCurrentOnly>
<bounds x="155" y="318" width="243" height="119"/>
</OView>
<OView class="oracle.dbtools.crest.swingui.relational.TVTable" oid="40B269D3-B0B4-A6D9-E3C5-376BBE411FBC" otype="Table" vid="6515EBF9-48B4-3236-AF3F-0D854E5A15AE">
<hideElementsInCurrentOnly>false</hideElementsInCurrentOnly>
<bounds x="1384" y="308" width="238" height="108"/>
</OView>
<OView class="oracle.dbtools.crest.swingui.relational.TVTable" oid="418296B1-536E-BD76-0D03-EFDC200F259B" otype="Table" vid="2530218B-97F3-F22A-81A4-46F863A0C395">
<hideElementsInCurrentOnly>false</hideElementsInCurrentOnly>
<bounds x="246" y="752" width="202" height="102"/>
</OView>
<OView class="oracle.dbtools.crest.swingui.relational.TVTable" oid="4D429175-0985-85AC-2354-3CBF13FCFBCD" otype="Table" vid="29E34F21-C7BB-3694-D583-7634D4D4C678">
<hideElementsInCurrentOnly>false</hideElementsInCurrentOnly>
<bounds x="842" y="583" width="351" height="254"/>
</OView>
<OView class="oracle.dbtools.crest.swingui.relational.TVTable" oid="61E209C8-901A-3F3D-4CDE-4E4ABEDA2284" otype="Table" vid="B55E13F9-F207-86C9-9D9C-7B5C69CC6248">
<hideElementsInCurrentOnly>false</hideElementsInCurrentOnly>
<bounds x="803" y="178" width="350" height="282"/>
</OView>
<OView class="oracle.dbtools.crest.swingui.relational.TVTable" oid="963C9C52-6616-39F4-2E5C-E9062EB56A76" otype="Table" vid="21C76868-67EC-2919-8E38-11C25CB168FB">
<hideElementsInCurrentOnly>false</hideElementsInCurrentOnly>
<bounds x="426" y="320" width="359" height="108"/>
</OView>
<OView class="oracle.dbtools.crest.swingui.relational.TVTable" oid="ADDB4A26-A73A-CC76-47E9-6DE3FA2C9E06" otype="Table" vid="C512EBAE-A9FF-3166-16A6-F158105D2E11">
<hideElementsInCurrentOnly>false</hideElementsInCurrentOnly>
<bounds x="570" y="723" width="207" height="88"/>
</OView>
<OView class="oracle.dbtools.crest.swingui.relational.TVTable" oid="C300D5C7-E744-81C8-99D0-87D556F68D1C" otype="Table" vid="D4952851-2189-4A1E-EA13-82A359B326AE">
<hideElementsInCurrentOnly>false</hideElementsInCurrentOnly>
<bounds x="456" y="202" width="192" height="74"/>
</OView>
<OView class="oracle.dbtools.crest.swingui.relational.TVTable" oid="DE44D895-7412-C70F-4D42-A4F92B78BDA8" otype="Table" vid="0E25DB14-F723-1F31-09EB-2B843667775D">
<hideElementsInCurrentOnly>false</hideElementsInCurrentOnly>
<bounds x="1233" y="475" width="229" height="74"/>
</OView>
</objectViews>
<connectors>
<Connector class="oracle.dbtools.crest.swingui.relational.TVFKRelation" oid="1793F7BC-9B20-36CB-957F-64E7C8910CBC" otype="FKIndexAssociation" vid_source="2530218B-97F3-F22A-81A4-46F863A0C395" vid_target="91598A04-6801-2D91-9983-1FDC5C0C7ADC">
<hideElementsInCurrentOnly>false</hideElementsInCurrentOnly>
<backgroundColor>-16777216</backgroundColor>
<lineWidth>1</lineWidth>
<points>
<point x="347" y="752"/>
<point x="347" y="688"/>
</points>
</Connector>
<Connector class="oracle.dbtools.crest.swingui.relational.TVFKRelation" oid="1C9D4821-DDB4-D627-82AF-4D32377DA998" otype="FKIndexAssociation" vid_source="B55E13F9-F207-86C9-9D9C-7B5C69CC6248" vid_target="B55E13F9-F207-86C9-9D9C-7B5C69CC6248">
<hideElementsInCurrentOnly>false</hideElementsInCurrentOnly>
<backgroundColor>-16777216</backgroundColor>
<lineWidth>1</lineWidth>
<points>
<point x="782" y="301"/>
<point x="807" y="301"/>
<point x="807" y="386"/>
<point x="723" y="386"/>
<point x="723" y="361"/>
</points>
</Connector>
<Connector class="oracle.dbtools.crest.swingui.relational.TVFKRelation" oid="33DBD9DC-B5AE-F5FE-0F60-DC495B302029" otype="FKIndexAssociation" vid_source="6C441B24-D44D-7A39-5E21-6DB684A9AF18" vid_target="B55E13F9-F207-86C9-9D9C-7B5C69CC6248">
<hideElementsInCurrentOnly>false</hideElementsInCurrentOnly>
<backgroundColor>-16777216</backgroundColor>
<lineWidth>1</lineWidth>
<points>
<point x="902" y="126"/>
<point x="782" y="217"/>
</points>
</Connector>
<Connector class="oracle.dbtools.crest.swingui.relational.TVFKRelation" oid="3BD4E522-B9FB-264D-76DD-24FCCBEE3E80" otype="FKIndexAssociation" vid_source="29E34F21-C7BB-3694-D583-7634D4D4C678" vid_target="21C76868-67EC-2919-8E38-11C25CB168FB">
<hideElementsInCurrentOnly>false</hideElementsInCurrentOnly>
<backgroundColor>-16777216</backgroundColor>
<lineWidth>1</lineWidth>
<points>
<point x="861" y="583"/>
<point x="671" y="428"/>
</points>
</Connector>
<Connector class="oracle.dbtools.crest.swingui.relational.TVFKRelation" oid="5604B7A7-BA3E-D3D7-BE66-089E69155DA6" otype="FKIndexAssociation" vid_source="8465E6A9-BC08-C84F-DB04-82B803D164D1" vid_target="91598A04-6801-2D91-9983-1FDC5C0C7ADC">
<hideElementsInCurrentOnly>false</hideElementsInCurrentOnly>
<backgroundColor>-16777216</backgroundColor>
<lineWidth>1</lineWidth>
<points>
<point x="294" y="437"/>
<point x="294" y="504"/>
</points>
</Connector>
<Connector class="oracle.dbtools.crest.swingui.relational.TVFKRelation" oid="5A09D93F-C24D-18D5-5DC1-071D96EB00AC" otype="FKIndexAssociation" vid_source="69D2DBF3-7D25-437E-D6CD-97F671D344B4" vid_target="B55E13F9-F207-86C9-9D9C-7B5C69CC6248">
<hideElementsInCurrentOnly>false</hideElementsInCurrentOnly>
<backgroundColor>-16777216</backgroundColor>
<lineWidth>1</lineWidth>
<points>
<point x="1112" y="128"/>
<point x="782" y="217"/>
</points>
</Connector>
<Connector class="oracle.dbtools.crest.swingui.relational.TVFKRelation" oid="601C41F9-B3B4-AEC0-0EC3-8DA25F201F5D" otype="FKIndexAssociation" vid_source="0E25DB14-F723-1F31-09EB-2B843667775D" vid_target="B55E13F9-F207-86C9-9D9C-7B5C69CC6248">
<hideElementsInCurrentOnly>false</hideElementsInCurrentOnly>
<backgroundColor>-16777216</backgroundColor>
<lineWidth>1</lineWidth>
<points>
<point x="1241" y="475"/>
<point x="782" y="328"/>
</points>
</Connector>
<Connector class="oracle.dbtools.crest.swingui.relational.TVFKRelation" oid="827287A6-3F5E-88E0-564E-C04895094F14" otype="FKIndexAssociation" vid_source="9D6525EA-0065-FC18-2B5C-1943D833878E" vid_target="29E34F21-C7BB-3694-D583-7634D4D4C678">
<hideElementsInCurrentOnly>false</hideElementsInCurrentOnly>
<backgroundColor>-16777216</backgroundColor>
<lineWidth>1</lineWidth>
<points>
<point x="1347" y="709"/>
<point x="1193" y="709"/>
</points>
</Connector>
<Connector class="oracle.dbtools.crest.swingui.relational.TVFKRelation" oid="850134C3-6F78-CBA6-3C42-0C6DE4710A1F" otype="FKIndexAssociation" vid_source="B55E13F9-F207-86C9-9D9C-7B5C69CC6248" vid_target="29E34F21-C7BB-3694-D583-7634D4D4C678">
<hideElementsInCurrentOnly>false</hideElementsInCurrentOnly>
<backgroundColor>-16777216</backgroundColor>
<lineWidth>1</lineWidth>
<points>
<point x="782" y="361"/>
<point x="997" y="583"/>
</points>
</Connector>
<Connector class="oracle.dbtools.crest.swingui.relational.TVFKRelation" oid="8B89DBF1-9598-09A5-BAFD-84C5B0C19BAE" otype="FKIndexAssociation" vid_source="CA6D72D5-E514-561B-8140-BE6D04A3C249" vid_target="6515EBF9-48B4-3236-AF3F-0D854E5A15AE">
<hideElementsInCurrentOnly>false</hideElementsInCurrentOnly>
<backgroundColor>-16777216</backgroundColor>
<lineWidth>1</lineWidth>
<points>
<point x="1494" y="218"/>
<point x="1494" y="308"/>
</points>
</Connector>
<Connector class="oracle.dbtools.crest.swingui.relational.TVFKRelation" oid="AAE73306-D351-2DE2-BACE-47D44785054E" otype="FKIndexAssociation" vid_source="0E25DB14-F723-1F31-09EB-2B843667775D" vid_target="29E34F21-C7BB-3694-D583-7634D4D4C678">
<hideElementsInCurrentOnly>false</hideElementsInCurrentOnly>
<backgroundColor>-16777216</backgroundColor>
<lineWidth>1</lineWidth>
<points>
<point x="1285" y="549"/>
<point x="1193" y="604"/>
</points>
</Connector>
<Connector class="oracle.dbtools.crest.swingui.relational.TVFKRelation" oid="AC84B8B7-6D4C-F7AB-955E-886A55DD6FC6" otype="FKIndexAssociation" vid_source="21C76868-67EC-2919-8E38-11C25CB168FB" vid_target="91598A04-6801-2D91-9983-1FDC5C0C7ADC">
<hideElementsInCurrentOnly>false</hideElementsInCurrentOnly>
<backgroundColor>-16777216</backgroundColor>
<lineWidth>1</lineWidth>
<points>
<point x="506" y="428"/>
<point x="506" y="504"/>
</points>
</Connector>
<Connector class="oracle.dbtools.crest.swingui.relational.TVFKRelation" oid="C0309238-F078-AB92-E7A7-630A87745111" otype="FKIndexAssociation" vid_source="C512EBAE-A9FF-3166-16A6-F158105D2E11" vid_target="29E34F21-C7BB-3694-D583-7634D4D4C678">
<hideElementsInCurrentOnly>false</hideElementsInCurrentOnly>
<backgroundColor>-16777216</backgroundColor>
<lineWidth>1</lineWidth>
<points>
<point x="777" y="767"/>
<point x="842" y="767"/>
</points>
</Connector>
<Connector class="oracle.dbtools.crest.swingui.relational.TVFKRelation" oid="D7F4B450-8639-CA8F-7BA4-78F4BF78E618" otype="FKIndexAssociation" vid_source="D4952851-2189-4A1E-EA13-82A359B326AE" vid_target="B55E13F9-F207-86C9-9D9C-7B5C69CC6248">
<hideElementsInCurrentOnly>false</hideElementsInCurrentOnly>
<backgroundColor>-16777216</backgroundColor>
<lineWidth>1</lineWidth>
<points>
<point x="648" y="239"/>
<point x="782" y="239"/>
</points>
</Connector>
<Connector class="oracle.dbtools.crest.swingui.relational.TVFKRelation" oid="EACB7E31-24AA-BC5C-480C-3101635FA711" otype="FKIndexAssociation" vid_source="6515EBF9-48B4-3236-AF3F-0D854E5A15AE" vid_target="9D6525EA-0065-FC18-2B5C-1943D833878E">
<hideElementsInCurrentOnly>false</hideElementsInCurrentOnly>
<backgroundColor>-16777216</backgroundColor>
<lineWidth>1</lineWidth>
<points>
<point x="1496" y="416"/>
<point x="1496" y="599"/>
</points>
</Connector>
</connectors>
</Diagram>