<?xml version = '1.0' encoding = 'UTF-8'?>
<Entity class="oracle.dbtools.crest.model.design.logical.Entity" directorySegmentName="seg_0" id="057E7730-018E-0635-DB7E-5B2E1C91CD48" name="MEDICO">
<createdBy>mauri</createdBy>
<createdTime>2025-09-12 23:13:23 UTC</createdTime>
<ownerDesignName>CMU_SANRAFAEL</ownerDesignName>
<engineerTo>
<item key="FA9D8ECC-C3FC-E5D9-B5FD-C8935B87AA3E" value="true"/>
</engineerTo>
<adequatelyNormalized>NO</adequatelyNormalized>
<expectedVolumes>0</expectedVolumes>
<fwdEngineeringStrategyName>Single Table</fwdEngineeringStrategyName>
<growthPercent>0</growthPercent>
<growthType>Year</growthType>
<maxVolumes>9999999</maxVolumes>
<minVolumes>0</minVolumes>
<normalForm>Third</normalForm>
<attributes itemClass="oracle.dbtools.crest.model.design.logical.Attribute">
<Attribute name="rut_medico" id="C8D39AA4-1FC3-C424-9C35-D34BAAF068AF">
<createdBy>mauri</createdBy>
<createdTime>2025-09-12 23:13:31 UTC</createdTime>
<ownerDesignName>CMU_SANRAFAEL</ownerDesignName>
<engineerTo>
<item key="FA9D8ECC-C3FC-E5D9-B5FD-C8935B87AA3E" value="true"/>
</engineerTo>
<useDomainConstraints>false</useDomainConstraints>
<use>1</use>
<logicalDatatype>LOGDT024</logicalDatatype>
<dataTypeSize>12</dataTypeSize>
<ownDataTypeParameters>12,,</ownDataTypeParameters>
</Attribute>
<Attribute name="nombres" id="DCD07FE4-A756-7E58-8E59-CA4FFC4FE6EA">
<createdBy>mauri</createdBy>
<createdTime>2025-09-12 23:17:28 UTC</createdTime>
<ownerDesignName>CMU_SANRAFAEL</ownerDesignName>
<engineerTo>
<item key="FA9D8ECC-C3FC-E5D9-B5FD-C8935B87AA3E" value="true"/>
</engineerTo>
<useDomainConstraints>false</useDomainConstraints>
<use>1</use>
<logicalDatatype>LOGDT024</logicalDatatype>
<dataTypeSize>30</dataTypeSize>
<ownDataTypeParameters>30,,</ownDataTypeParameters>
</Attribute>
<Attribute name="primer_apellido" id="5BCABADE-688F-4158-48CD-58CE3DEF5F7B">
<createdBy>mauri</createdBy>
<createdTime>2025-09-12 23:18:08 UTC</createdTime>
<ownerDesignName>CMU_SANRAFAEL</ownerDesignName>
<engineerTo>
<item key="FA9D8ECC-C3FC-E5D9-B5FD-C8935B87AA3E" value="true"/>
</engineerTo>
<useDomainConstraints>false</useDomainConstraints>
<use>1</use>
<logicalDatatype>LOGDT024</logicalDatatype>
<dataTypeSize>20</dataTypeSize>
<ownDataTypeParameters>20,,</ownDataTypeParameters>
</Attribute>
<Attribute name="segundo_apellido" id="84B18058-A987-C8C1-304A-4E3C79E50AC1">
<createdBy>mauri</createdBy>
<createdTime>2025-09-12 23:18:47 UTC</createdTime>
<ownerDesignName>CMU_SANRAFAEL</ownerDesignName>
<engineerTo>
<item key="FA9D8ECC-C3FC-E5D9-B5FD-C8935B87AA3E" value="true"/>
</engineerTo>
<useDomainConstraints>false</useDomainConstraints>
<use>1</use>
<logicalDatatype>LOGDT024</logicalDatatype>
<dataTypeSize>20</dataTypeSize>
<ownDataTypeParameters>20,,</ownDataTypeParameters>
</Attribute>
<Attribute name="fecha_ingreso" id="B5219A9D-C222-2C24-92B6-E222D0528ED5">
<createdBy>mauri</createdBy>
<createdTime>2025-09-12 23:19:16 UTC</createdTime>
<ownerDesignName>CMU_SANRAFAEL</ownerDesignName>
<engineerTo>
<item key="FA9D8ECC-C3FC-E5D9-B5FD-C8935B87AA3E" value="true"/>
</engineerTo>
<useDomainConstraints>false</useDomainConstraints>
<use>1</use>
<logicalDatatype>LOGDT007</logicalDatatype>
<ownDataTypeParameters>,,</ownDataTypeParameters>
</Attribute>
<Attribute name="id_unidad" id="99D86F98-2228-A91F-421B-05EF77010512">
<createdBy>mauri</createdBy>
<createdTime>2025-09-13 01:59:28 UTC</createdTime>
<generatorID>322AF571-E1CF-DF6D-3D09-B319C98FE498</generatorID>
<ownerDesignName>CMU_SANRAFAEL</ownerDesignName>
<engineerTo>
<item key="FA9D8ECC-C3FC-E5D9-B5FD-C8935B87AA3E" value="true"/>
</engineerTo>
<referedAttribute>74D77F83-C0A7-F24E-795B-68F4B19781E9</referedAttribute>
<useDomainConstraints>false</useDomainConstraints>
<use>1</use>
<logicalDatatype>LOGDT019</logicalDatatype>
<dataTypePrecision>3</dataTypePrecision>
<ownDataTypeParameters>,3,</ownDataTypeParameters>
</Attribute>
<Attribute name="id_especialidad" id="046ED667-A2B6-CB58-EB2A-C4D714D14A14">
<createdBy>mauri</createdBy>
<createdTime>2025-09-13 02:00:13 UTC</createdTime>
<generatorID>12315E09-83C4-3FDF-C376-C7BAD040EB21</generatorID>
<ownerDesignName>CMU_SANRAFAEL</ownerDesignName>
<engineerTo>
<item key="FA9D8ECC-C3FC-E5D9-B5FD-C8935B87AA3E" value="true"/>
</engineerTo>
<nullsAllowed>true</nullsAllowed>
<referedAttribute>4EA9801D-0E1E-0320-1CB9-C19BC94059B2</referedAttribute>
<useDomainConstraints>false</useDomainConstraints>
<use>1</use>
<logicalDatatype>LOGDT019</logicalDatatype>
<dataTypePrecision>3</dataTypePrecision>
<ownDataTypeParameters>,3,</ownDataTypeParameters>
</Attribute>
<Attribute name="cod_afp" id="9AC8CDD8-D68D-80DC-4B1C-9A582AA68048">
<createdBy>mauri</createdBy>
<createdTime>2025-09-13 02:13:10 UTC</createdTime>
<generatorID>01E1EB9C-A216-A2F6-BB0E-5FD7BFD76797</generatorID>
<ownerDesignName>CMU_SANRAFAEL</ownerDesignName>
<engineerTo>
<item key="FA9D8ECC-C3FC-E5D9-B5FD-C8935B87AA3E" value="true"/>
</engineerTo>
<referedAttribute>7FBF0FFD-D0DD-7CD5-FEC8-B27B4352EC7E</referedAttribute>
<useDomainConstraints>false</useDomainConstraints>
<use>1</use>
<logicalDatatype>LOGDT024</logicalDatatype>
<dataTypeSize>10</dataTypeSize>
<ownDataTypeParameters>10,,</ownDataTypeParameters>
</Attribute>
<Attribute name="cod_inst_salud" id="E24E51FE-DDCF-4AEC-9B8E-54CC0731D00D">
<createdBy>mauri</createdBy>
<createdTime>2025-09-13 02:17:36 UTC</createdTime>
<generatorID>25FC3D98-BA61-451A-996A-6475B718E1FB</generatorID>
<ownerDesignName>CMU_SANRAFAEL</ownerDesignName>
<engineerTo>
<item key="FA9D8ECC-C3FC-E5D9-B5FD-C8935B87AA3E" value="true"/>
</engineerTo>
<referedAttribute>7D9ECAFE-C198-ABDE-C633-C03143004220</referedAttribute>
<useDomainConstraints>false</useDomainConstraints>
<use>1</use>
<logicalDatatype>LOGDT024</logicalDatatype>
<dataTypeSize>10</dataTypeSize>
<ownDataTypeParameters>10,,</ownDataTypeParameters>
</Attribute>
<Attribute name="rut_medico2" id="B40BEF55-FADC-FE47-10E9-6147D4687ED1">
<createdBy>mauri</createdBy>
<createdTime>2025-09-13 03:39:44 UTC</createdTime>
<generatorID>A152F4C4-5F84-6678-02AA-A0D2414FCEFA</generatorID>
<ownerDesignName>CMU_SANRAFAEL</ownerDesignName>
<engineerTo>
<item key="FA9D8ECC-C3FC-E5D9-B5FD-C8935B87AA3E" value="true"/>
</engineerTo>
<referedAttribute>C8D39AA4-1FC3-C424-9C35-D34BAAF068AF</referedAttribute>
<useDomainConstraints>false</useDomainConstraints>
<use>1</use>
<logicalDatatype>LOGDT024</logicalDatatype>
<dataTypeSize>12</dataTypeSize>
<ownDataTypeParameters>12,,</ownDataTypeParameters>
</Attribute>
</attributes>
<identifiers itemClass="oracle.dbtools.crest.model.design.logical.CandidateKey">
<identifier id="E53E1C0D-3E26-4D25-BFC1-03B8A260F64F" name="MEDICO PK">
<createdBy>mauri</createdBy>
<createdTime>2025-09-12 23:13:48 UTC</createdTime>
<ownerDesignName>CMU_SANRAFAEL</ownerDesignName>
<shouldEngineer>false</shouldEngineer>
<engineerTo>
<item key="FA9D8ECC-C3FC-E5D9-B5FD-C8935B87AA3E" value="false"/>
</engineerTo>
<pk>true</pk>
<usedAttributes>
<attributeRef>C8D39AA4-1FC3-C424-9C35-D34BAAF068AF</attributeRef>
</usedAttributes>
</identifier>
</identifiers>
</Entity>