<?xml version = '1.0' encoding = 'UTF-8'?>
<Entity class="oracle.dbtools.crest.model.design.logical.Entity" directorySegmentName="seg_0" id="1051A924-0E4A-372D-F697-F0DF0B51D81A" name="AFP">
<createdBy>mauri</createdBy>
<createdTime>2025-09-12 23:07:52 UTC</createdTime>
<ownerDesignName>CMU_SANRAFAEL</ownerDesignName>
<engineerTo>
<item key="FA9D8ECC-C3FC-E5D9-B5FD-C8935B87AA3E" value="true"/>
</engineerTo>
<adequatelyNormalized>NO</adequatelyNormalized>
<expectedVolumes>0</expectedVolumes>
<fwdEngineeringStrategyName>Single Table</fwdEngineeringStrategyName>
<growthPercent>0</growthPercent>
<growthType>Year</growthType>
<maxVolumes>9999999</maxVolumes>
<minVolumes>0</minVolumes>
<normalForm>Third</normalForm>
<attributes itemClass="oracle.dbtools.crest.model.design.logical.Attribute">
<Attribute name="cod_afp" id="7FBF0FFD-D0DD-7CD5-FEC8-B27B4352EC7E">
<createdBy>mauri</createdBy>
<createdTime>2025-09-12 23:08:01 UTC</createdTime>
<ownerDesignName>CMU_SANRAFAEL</ownerDesignName>
<engineerTo>
<item key="FA9D8ECC-C3FC-E5D9-B5FD-C8935B87AA3E" value="true"/>
</engineerTo>
<useDomainConstraints>false</useDomainConstraints>
<use>1</use>
<logicalDatatype>LOGDT024</logicalDatatype>
<dataTypeSize>10</dataTypeSize>
<ownDataTypeParameters>10,,</ownDataTypeParameters>
</Attribute>
<Attribute name="nombre_afp" id="FEA2EC09-36B1-87CA-375C-8380131BED49">
<createdBy>mauri</createdBy>
<createdTime>2025-09-12 23:08:27 UTC</createdTime>
<ownerDesignName>CMU_SANRAFAEL</ownerDesignName>
<engineerTo>
<item key="FA9D8ECC-C3FC-E5D9-B5FD-C8935B87AA3E" value="true"/>
</engineerTo>
<useDomainConstraints>false</useDomainConstraints>
<use>1</use>
<logicalDatatype>LOGDT024</logicalDatatype>
<dataTypeSize>60</dataTypeSize>
<ownDataTypeParameters>60,,</ownDataTypeParameters>
</Attribute>
</attributes>
<identifiers itemClass="oracle.dbtools.crest.model.design.logical.CandidateKey">
<identifier id="9964D955-2841-D411-308D-8A1A0AB04358" name="AFP PK">
<createdBy>mauri</createdBy>
<createdTime>2025-09-12 23:08:25 UTC</createdTime>
<ownerDesignName>CMU_SANRAFAEL</ownerDesignName>
<engineerTo>
<item key="FA9D8ECC-C3FC-E5D9-B5FD-C8935B87AA3E" value="true"/>
</engineerTo>
<pk>true</pk>
<usedAttributes>
<attributeRef>7FBF0FFD-D0DD-7CD5-FEC8-B27B4352EC7E</attributeRef>
</usedAttributes>
</identifier>
</identifiers>
</Entity>