<?xml version = '1.0' encoding = 'UTF-8'?>
<Entity class="oracle.dbtools.crest.model.design.logical.Entity" directorySegmentName="seg_0" id="F948A0DF-7470-BBB6-D50C-8A012CA720F8" name="ATENCION_MEDICA">
<createdBy>mauri</createdBy>
<createdTime>2025-09-13 01:06:06 UTC</createdTime>
<ownerDesignName>CMU_SANRAFAEL</ownerDesignName>
<engineerTo>
<item key="FA9D8ECC-C3FC-E5D9-B5FD-C8935B87AA3E" value="true"/>
</engineerTo>
<adequatelyNormalized>NO</adequatelyNormalized>
<expectedVolumes>0</expectedVolumes>
<fwdEngineeringStrategyName>Single Table</fwdEngineeringStrategyName>
<growthPercent>0</growthPercent>
<growthType>Year</growthType>
<maxVolumes>9999999</maxVolumes>
<minVolumes>0</minVolumes>
<normalForm>Third</normalForm>
<attributes itemClass="oracle.dbtools.crest.model.design.logical.Attribute">
<Attribute name="id_atencion" id="50E5A1C5-9910-2CCC-369D-81AAF01CAC29">
<createdBy>mauri</createdBy>
<createdTime>2025-09-13 01:06:28 UTC</createdTime>
<ownerDesignName>CMU_SANRAFAEL</ownerDesignName>
<engineerTo>
<item key="FA9D8ECC-C3FC-E5D9-B5FD-C8935B87AA3E" value="true"/>
</engineerTo>
<useDomainConstraints>false</useDomainConstraints>
<use>1</use>
<logicalDatatype>LOGDT019</logicalDatatype>
<dataTypePrecision>10</dataTypePrecision>
<ownDataTypeParameters>,10,</ownDataTypeParameters>
</Attribute>
<Attribute name="fecha_hora" id="1E394AA3-60D6-1AFD-8A76-8EE2229299C6">
<createdBy>mauri</createdBy>
<createdTime>2025-09-13 01:07:02 UTC</createdTime>
<ownerDesignName>CMU_SANRAFAEL</ownerDesignName>
<engineerTo>
<item key="FA9D8ECC-C3FC-E5D9-B5FD-C8935B87AA3E" value="true"/>
</engineerTo>
<useDomainConstraints>false</useDomainConstraints>
<use>1</use>
<logicalDatatype>LOGDT007</logicalDatatype>
<ownDataTypeParameters>,,</ownDataTypeParameters>
</Attribute>
<Attribute name="tipo_atencion" id="E63D6D3F-BDF9-91AC-FE16-BBD6D328A802">
<createdBy>mauri</createdBy>
<createdTime>2025-09-13 01:16:06 UTC</createdTime>
<ownerDesignName>CMU_SANRAFAEL</ownerDesignName>
<engineerTo>
<item key="FA9D8ECC-C3FC-E5D9-B5FD-C8935B87AA3E" value="true"/>
</engineerTo>
<constraintName>CK_TIPO_ATENCION</constraintName>
<useDomainConstraints>false</useDomainConstraints>
<use>1</use>
<logicalDatatype>LOGDT024</logicalDatatype>
<dataTypeSize>12</dataTypeSize>
<listOfValues>
<valueDef value="&quot;GENERAL&quot;" description=""/>
<valueDef value="&quot;PREVENTIVA&quot;" description=""/>
<valueDef value="&quot;URGENCIA&quot;" description=""/>
</listOfValues>
<ownDataTypeParameters>12,,</ownDataTypeParameters>
</Attribute>
<Attribute name="diagnostico" id="91269B23-418E-6A13-0F24-78B02A33D82B">
<createdBy>mauri</createdBy>
<createdTime>2025-09-13 01:17:40 UTC</createdTime>
<ownerDesignName>CMU_SANRAFAEL</ownerDesignName>
<engineerTo>
<item key="FA9D8ECC-C3FC-E5D9-B5FD-C8935B87AA3E" value="true"/>
</engineerTo>
<nullsAllowed>true</nullsAllowed>
<useDomainConstraints>false</useDomainConstraints>
<use>1</use>
<logicalDatatype>LOGDT024</logicalDatatype>
<dataTypeSize>500</dataTypeSize>
<ownDataTypeParameters>500,,</ownDataTypeParameters>
</Attribute>
<Attribute name="modalidad" id="BEB87211-6943-3601-EE27-FD11A828C7CE">
<createdBy>mauri</createdBy>
<createdTime>2025-09-13 01:19:04 UTC</createdTime>
<ownerDesignName>CMU_SANRAFAEL</ownerDesignName>
<engineerTo>
<item key="FA9D8ECC-C3FC-E5D9-B5FD-C8935B87AA3E" value="true"/>
</engineerTo>
<constraintName>CK_MODALIDAD</constraintName>
<useDomainConstraints>false</useDomainConstraints>
<use>1</use>
<logicalDatatype>LOGDT024</logicalDatatype>
<dataTypeSize>10</dataTypeSize>
<listOfValues>
<valueDef value="&apos;PRESENCIAL&apos;" description=""/>
<valueDef value="&apos;VIRTUAL&apos;" description=""/>
</listOfValues>
<ownDataTypeParameters>10,,</ownDataTypeParameters>
</Attribute>
<Attribute name="rut_paciente" id="21D79A63-7C7F-90CD-3AED-189E65792F7A">
<createdBy>mauri</createdBy>
<createdTime>2025-09-13 02:01:13 UTC</createdTime>
<generatorID>D79E2AFC-40A4-44DB-17C1-4A906D9FAD8B</generatorID>
<ownerDesignName>CMU_SANRAFAEL</ownerDesignName>
<engineerTo>
<item key="FA9D8ECC-C3FC-E5D9-B5FD-C8935B87AA3E" value="true"/>
</engineerTo>
<referedAttribute>2DE1F6AD-DFFE-3E44-F912-17B2360E2583</referedAttribute>
<useDomainConstraints>false</useDomainConstraints>
<use>1</use>
<logicalDatatype>LOGDT024</logicalDatatype>
<dataTypeSize>12</dataTypeSize>
<ownDataTypeParameters>12,,</ownDataTypeParameters>
</Attribute>
<Attribute name="rut_medico" id="5C7CCC70-26DD-3142-41D6-5C6C9D4E431B">
<createdBy>mauri</createdBy>
<createdTime>2025-09-13 02:02:11 UTC</createdTime>
<generatorID>D20A379F-3DF9-91F5-A4AB-79493441973A</generatorID>
<ownerDesignName>CMU_SANRAFAEL</ownerDesignName>
<engineerTo>
<item key="FA9D8ECC-C3FC-E5D9-B5FD-C8935B87AA3E" value="true"/>
</engineerTo>
<referedAttribute>C8D39AA4-1FC3-C424-9C35-D34BAAF068AF</referedAttribute>
<useDomainConstraints>false</useDomainConstraints>
<use>1</use>
<logicalDatatype>LOGDT024</logicalDatatype>
<dataTypeSize>12</dataTypeSize>
<ownDataTypeParameters>12,,</ownDataTypeParameters>
</Attribute>
<Attribute name="id_pago" id="3FDCB435-58DC-E7F6-8F91-24C6016F6DD3">
<createdBy>mauri</createdBy>
<createdTime>2025-09-13 02:02:41 UTC</createdTime>
<generatorID>9B91FF04-69EB-5AE3-691B-FB057F2CA3A0</generatorID>
<ownerDesignName>CMU_SANRAFAEL</ownerDesignName>
<engineerTo>
<item key="FA9D8ECC-C3FC-E5D9-B5FD-C8935B87AA3E" value="true"/>
</engineerTo>
<referedAttribute>06F8CBED-BFBB-42CD-B469-311A6599F0E1</referedAttribute>
<useDomainConstraints>false</useDomainConstraints>
<use>1</use>
<logicalDatatype>LOGDT019</logicalDatatype>
<dataTypePrecision>12</dataTypePrecision>
<ownDataTypeParameters>,12,</ownDataTypeParameters>
</Attribute>
<Attribute name="id_especialidad" id="771A5BA6-F798-0898-B6C4-0EA48A11EDA7">
<createdBy>mauri</createdBy>
<createdTime>2025-09-13 03:30:09 UTC</createdTime>
<generatorID>465AD085-C45E-C0F2-A08C-EB6D2AA82BB6</generatorID>
<ownerDesignName>CMU_SANRAFAEL</ownerDesignName>
<engineerTo>
<item key="FA9D8ECC-C3FC-E5D9-B5FD-C8935B87AA3E" value="true"/>
</engineerTo>
<referedAttribute>4EA9801D-0E1E-0320-1CB9-C19BC94059B2</referedAttribute>
<useDomainConstraints>false</useDomainConstraints>
<use>1</use>
<logicalDatatype>LOGDT019</logicalDatatype>
<dataTypePrecision>3</dataTypePrecision>
<ownDataTypeParameters>,3,</ownDataTypeParameters>
</Attribute>
</attributes>
<identifiers itemClass="oracle.dbtools.crest.model.design.logical.CandidateKey">
<identifier id="41B1E446-825E-B6CA-A9FD-C2EFAC8E23BB" name="ATENCION_MEDICA PK">
<createdBy>mauri</createdBy>
<createdTime>2025-09-13 01:06:52 UTC</createdTime>
<ownerDesignName>CMU_SANRAFAEL</ownerDesignName>
<engineerTo>
<item key="FA9D8ECC-C3FC-E5D9-B5FD-C8935B87AA3E" value="true"/>
</engineerTo>
<pk>true</pk>
<usedAttributes>
<attributeRef>50E5A1C5-9910-2CCC-369D-81AAF01CAC29</attributeRef>
</usedAttributes>
</identifier>
</identifiers>
</Entity>