<?xml version = '1.0' encoding = 'UTF-8'?>
<Entity class="oracle.dbtools.crest.model.design.logical.Entity" directorySegmentName="seg_0" id="FFAAC28E-DA5B-8CB4-B0E5-61087F257ED5" name="REGION">
<createdBy>mauri</createdBy>
<createdTime>2025-09-12 17:13:24 UTC</createdTime>
<ownerDesignName>CMU_SANRAFAEL</ownerDesignName>
<engineerTo>
<item key="FA9D8ECC-C3FC-E5D9-B5FD-C8935B87AA3E" value="true"/>
</engineerTo>
<adequatelyNormalized>NO</adequatelyNormalized>
<expectedVolumes>0</expectedVolumes>
<fwdEngineeringStrategyName>Single Table</fwdEngineeringStrategyName>
<growthPercent>0</growthPercent>
<growthType>Year</growthType>
<maxVolumes>9999999</maxVolumes>
<minVolumes>0</minVolumes>
<normalForm>Third</normalForm>
<attributes itemClass="oracle.dbtools.crest.model.design.logical.Attribute">
<Attribute name="id_region" id="9D7FE5B2-6F5B-3D48-7AB6-7DA9B1C055D9">
<createdBy>mauri</createdBy>
<createdTime>2025-09-12 17:13:35 UTC</createdTime>
<ownerDesignName>CMU_SANRAFAEL</ownerDesignName>
<engineerTo>
<item key="FA9D8ECC-C3FC-E5D9-B5FD-C8935B87AA3E" value="true"/>
</engineerTo>
<useDomainConstraints>false</useDomainConstraints>
<use>1</use>
<logicalDatatype>LOGDT019</logicalDatatype>
<dataTypePrecision>3</dataTypePrecision>
<ownDataTypeParameters>,3,</ownDataTypeParameters>
</Attribute>
<Attribute name="nombre_region" id="FA499DF0-60A1-4BDE-09A3-2F116BEB952E">
<createdBy>mauri</createdBy>
<createdTime>2025-09-12 17:14:12 UTC</createdTime>
<ownerDesignName>CMU_SANRAFAEL</ownerDesignName>
<engineerTo>
<item key="FA9D8ECC-C3FC-E5D9-B5FD-C8935B87AA3E" value="true"/>
</engineerTo>
<useDomainConstraints>false</useDomainConstraints>
<use>1</use>
<logicalDatatype>LOGDT024</logicalDatatype>
<dataTypeSize>60</dataTypeSize>
<ownDataTypeParameters>60,,</ownDataTypeParameters>
</Attribute>
</attributes>
<identifiers itemClass="oracle.dbtools.crest.model.design.logical.CandidateKey">
<identifier id="FE217D0A-ADF0-7834-F00B-F88E27EBCCB4" name="REGION PK">
<createdBy>mauri</createdBy>
<createdTime>2025-09-12 17:14:02 UTC</createdTime>
<ownerDesignName>CMU_SANRAFAEL</ownerDesignName>
<engineerTo>
<item key="FA9D8ECC-C3FC-E5D9-B5FD-C8935B87AA3E" value="true"/>
</engineerTo>
<pk>true</pk>
<usedAttributes>
<attributeRef>9D7FE5B2-6F5B-3D48-7AB6-7DA9B1C055D9</attributeRef>
</usedAttributes>
</identifier>
<identifier id="B48195B5-91B9-773A-C3B3-A5E7B98BB313" name="UK_COMUNA_NOMBRE_REGION">
<createdBy>mauri</createdBy>
<createdTime>2025-09-12 17:27:04 UTC</createdTime>
<ownerDesignName>CMU_SANRAFAEL</ownerDesignName>
<engineerTo>
<item key="FA9D8ECC-C3FC-E5D9-B5FD-C8935B87AA3E" value="true"/>
</engineerTo>
<newElementsIDs>FA499DF0-60A1-4BDE-09A3-2F116BEB952E</newElementsIDs>
<usedAttributes>
<attributeRef>FA499DF0-60A1-4BDE-09A3-2F116BEB952E</attributeRef>
</usedAttributes>
</identifier>
</identifiers>
</Entity>