<?xml version = '1.0' encoding = 'UTF-8'?>
<FKIndexAssociation class="oracle.dbtools.crest.model.design.relational.FKIndexAssociation" directorySegmentName="seg_0" id="1793F7BC-9B20-36CB-957F-64E7C8910CBC" containerWithKeyObject="1F45653D-AC84-B4C3-5E0B-A315EACC8D45" localFKIndex="06980DC8-2A50-B2FB-DE4F-D86C2AF9A069" name="FK_DETALLE_ORDEN_EXAMEN_EXAM">
<createdBy>mauri</createdBy>
<createdTime>2025-09-13 21:48:46 UTC</createdTime>
<generatorID>901F8601-65D3-062D-97C1-C08CF5E5A262</generatorID>
<ownerDesignName>CMU_SANRAFAEL</ownerDesignName>
<referredTableLongName>EXAMEN</referredTableLongName>
<deleteRule>NO ACTION</deleteRule>
<referredTableID>418296B1-536E-BD76-0D03-EFDC200F259B</referredTableID>
<keyObject>1581BC81-8B97-D6C8-F508-B45A39BDDECF</keyObject>
<referredKeyID>1581BC81-8B97-D6C8-F508-B45A39BDDECF</referredKeyID>
<mandatory>true</mandatory>
<refColNames>cod_examen</refColNames>
<transferable>true</transferable>
<rely>false</rely>
<columnDependencyConstraintGenerateInDDL>true</columnDependencyConstraintGenerateInDDL>
</FKIndexAssociation>