<?xml version = '1.0' encoding = 'UTF-8'?>
<FKIndexAssociation class="oracle.dbtools.crest.model.design.relational.FKIndexAssociation" directorySegmentName="seg_0" id="1C9D4821-DDB4-D627-82AF-4D32377DA998" containerWithKeyObject="61E209C8-901A-3F3D-4CDE-4E4ABEDA2284" localFKIndex="03FAD396-5629-A2E8-9949-74F560EB63C1" name="FK_MEDICO_MEDICO">
<createdBy>mauri</createdBy>
<createdTime>2025-09-14 01:40:33 UTC</createdTime>
<generatorID>A152F4C4-5F84-6678-02AA-A0D2414FCEFA</generatorID>
<ownerDesignName>CMU_SANRAFAEL</ownerDesignName>
<referredTableLongName>MEDICO</referredTableLongName>
<deleteRule>NO ACTION</deleteRule>
<referredTableID>61E209C8-901A-3F3D-4CDE-4E4ABEDA2284</referredTableID>
<keyObject>68118454-3F90-D735-C998-C87F6AD8C905</keyObject>
<referredKeyID>68118454-3F90-D735-C998-C87F6AD8C905</referredKeyID>
<mandatory>true</mandatory>
<refColNames>rut_medico</refColNames>
<transferable>true</transferable>
<rely>false</rely>
<columnDependencyConstraintGenerateInDDL>true</columnDependencyConstraintGenerateInDDL>
</FKIndexAssociation>