<?xml version = '1.0' encoding = 'UTF-8'?>
<FKIndexAssociation class="oracle.dbtools.crest.model.design.relational.FKIndexAssociation" directorySegmentName="seg_0" id="33DBD9DC-B5AE-F5FE-0F60-DC495B302029" containerWithKeyObject="61E209C8-901A-3F3D-4CDE-4E4ABEDA2284" localFKIndex="50AA6D8B-56D8-6EAA-C229-B38EC621D318" name="FK_MEDICO_INSTITUCION_SALUD">
<createdBy>mauri</createdBy>
<createdTime>2025-09-13 21:48:46 UTC</createdTime>
<generatorID>25FC3D98-BA61-451A-996A-6475B718E1FB</generatorID>
<ownerDesignName>CMU_SANRAFAEL</ownerDesignName>
<referredTableLongName>INSTITUCION_SALUD</referredTableLongName>
<deleteRule>NO ACTION</deleteRule>
<referredTableID>13F1ED81-4E02-2539-FC5F-8359A8635AA6</referredTableID>
<keyObject>4A7A75E3-8285-E6ED-3B50-C10E42694663</keyObject>
<referredKeyID>4A7A75E3-8285-E6ED-3B50-C10E42694663</referredKeyID>
<mandatory>true</mandatory>
<refColNames>cod_inst_salud</refColNames>
<transferable>true</transferable>
<rely>false</rely>
<columnDependencyConstraintGenerateInDDL>true</columnDependencyConstraintGenerateInDDL>
</FKIndexAssociation>