<?xml version = '1.0' encoding = 'UTF-8'?>
<FKIndexAssociation class="oracle.dbtools.crest.model.design.relational.FKIndexAssociation" directorySegmentName="seg_0" id="3BD4E522-B9FB-264D-76DD-24FCCBEE3E80" containerWithKeyObject="963C9C52-6616-39F4-2E5C-E9062EB56A76" localFKIndex="712D8798-CD2F-38D8-D21C-B2695650FF39" name="FK_ORD_EXAM_ATENCION_MED">
<createdBy>mauri</createdBy>
<createdTime>2025-09-13 21:48:46 UTC</createdTime>
<generatorID>05EFCFB1-204F-F155-F029-ACD5A0B2F894</generatorID>
<ownerDesignName>CMU_SANRAFAEL</ownerDesignName>
<referredTableLongName>ATENCION_MEDICA</referredTableLongName>
<deleteRule>NO ACTION</deleteRule>
<referredTableID>4D429175-0985-85AC-2354-3CBF13FCFBCD</referredTableID>
<keyObject>E01D3DEE-9CD5-06C6-6C9E-F6E55929F767</keyObject>
<referredKeyID>E01D3DEE-9CD5-06C6-6C9E-F6E55929F767</referredKeyID>
<mandatory>true</mandatory>
<refColNames>id_atencion</refColNames>
<transferable>true</transferable>
<rely>false</rely>
<columnDependencyConstraintGenerateInDDL>true</columnDependencyConstraintGenerateInDDL>
</FKIndexAssociation>