<?xml version = '1.0' encoding = 'UTF-8'?>
<FKIndexAssociation class="oracle.dbtools.crest.model.design.relational.FKIndexAssociation" directorySegmentName="seg_0" id="5604B7A7-BA3E-D3D7-BE66-089E69155DA6" containerWithKeyObject="1F45653D-AC84-B4C3-5E0B-A315EACC8D45" localFKIndex="31757542-D849-BA00-0A75-02B5542801C2" name="FK_DET_ORD_EXAM_RESUL_EXAM">
<createdBy>mauri</createdBy>
<createdTime>2025-09-13 21:48:46 UTC</createdTime>
<generatorID>653ABFC3-62A1-7A26-6C9F-18E3E7A1DB02</generatorID>
<ownerDesignName>CMU_SANRAFAEL</ownerDesignName>
<referredTableLongName>RESULTADO_EXAMEN</referredTableLongName>
<deleteRule>NO ACTION</deleteRule>
<referredTableID>307BEAF8-49FA-0D8D-13BF-6C4B2114A2C7</referredTableID>
<keyObject>49D03B27-C07C-751B-A341-F696D296FE95</keyObject>
<referredKeyID>49D03B27-C07C-751B-A341-F696D296FE95</referredKeyID>
<mandatory>true</mandatory>
<refColNames>id_resultado</refColNames>
<transferable>true</transferable>
<rely>false</rely>
<columnDependencyConstraintGenerateInDDL>true</columnDependencyConstraintGenerateInDDL>
</FKIndexAssociation>