<?xml version = '1.0' encoding = 'UTF-8'?>
<FKIndexAssociation class="oracle.dbtools.crest.model.design.relational.FKIndexAssociation" directorySegmentName="seg_0" id="5A09D93F-C24D-18D5-5DC1-071D96EB00AC" containerWithKeyObject="61E209C8-901A-3F3D-4CDE-4E4ABEDA2284" localFKIndex="AA58F29D-C59E-C5DC-9201-5E7DEA470BDC" name="FK_MEDICO_UNIDAD_ATENCION">
<createdBy>mauri</createdBy>
<createdTime>2025-09-13 21:48:46 UTC</createdTime>
<generatorID>322AF571-E1CF-DF6D-3D09-B319C98FE498</generatorID>
<ownerDesignName>CMU_SANRAFAEL</ownerDesignName>
<referredTableLongName>UNIDAD_ATENCION</referredTableLongName>
<deleteRule>NO ACTION</deleteRule>
<referredTableID>29311E0B-01F5-E3F2-CD15-76ACF10580C6</referredTableID>
<keyObject>4BFCA689-6843-10F5-8B42-8EA5E372F2F2</keyObject>
<referredKeyID>4BFCA689-6843-10F5-8B42-8EA5E372F2F2</referredKeyID>
<mandatory>true</mandatory>
<refColNames>id_unidad</refColNames>
<transferable>true</transferable>
<rely>false</rely>
<columnDependencyConstraintGenerateInDDL>true</columnDependencyConstraintGenerateInDDL>
</FKIndexAssociation>