<?xml version = '1.0' encoding = 'UTF-8'?>
<FKIndexAssociation class="oracle.dbtools.crest.model.design.relational.FKIndexAssociation" directorySegmentName="seg_0" id="601C41F9-B3B4-AEC0-0EC3-8DA25F201F5D" containerWithKeyObject="61E209C8-901A-3F3D-4CDE-4E4ABEDA2284" localFKIndex="7781DD83-51A6-EFA7-09B3-36571335DE2E" name="FK_MEDICO_ESPECIALIDAD">
<createdBy>mauri</createdBy>
<createdTime>2025-09-13 21:48:46 UTC</createdTime>
<generatorID>12315E09-83C4-3FDF-C376-C7BAD040EB21</generatorID>
<ownerDesignName>CMU_SANRAFAEL</ownerDesignName>
<referredTableLongName>ESPECIALIDAD</referredTableLongName>
<deleteRule>NO ACTION</deleteRule>
<referredTableID>DE44D895-7412-C70F-4D42-A4F92B78BDA8</referredTableID>
<keyObject>88518FEA-4C45-A8A4-D29C-A420A14CA3E1</keyObject>
<referredKeyID>88518FEA-4C45-A8A4-D29C-A420A14CA3E1</referredKeyID>
<mandatory>false</mandatory>
<refColNames>id_especialidad</refColNames>
<transferable>true</transferable>
<rely>false</rely>
<columnDependencyConstraintGenerateInDDL>true</columnDependencyConstraintGenerateInDDL>
</FKIndexAssociation>