<?xml version = '1.0' encoding = 'UTF-8'?>
<FKIndexAssociation class="oracle.dbtools.crest.model.design.relational.FKIndexAssociation" directorySegmentName="seg_0" id="827287A6-3F5E-88E0-564E-C04895094F14" containerWithKeyObject="4D429175-0985-85AC-2354-3CBF13FCFBCD" localFKIndex="E87EF261-D526-D425-8513-DE06E99F6A1B" name="FK_ATENCION_MED_PACIENTE">
<createdBy>mauri</createdBy>
<createdTime>2025-09-13 21:48:46 UTC</createdTime>
<generatorID>D79E2AFC-40A4-44DB-17C1-4A906D9FAD8B</generatorID>
<ownerDesignName>CMU_SANRAFAEL</ownerDesignName>
<referredTableLongName>PACIENTE</referredTableLongName>
<deleteRule>NO ACTION</deleteRule>
<referredTableID>0C6344FA-CAC5-22AC-E0B0-C11DB54B0264</referredTableID>
<keyObject>04D905C6-10CF-777A-E08A-81E387FF9501</keyObject>
<referredKeyID>04D905C6-10CF-777A-E08A-81E387FF9501</referredKeyID>
<mandatory>true</mandatory>
<refColNames>rut_paciente</refColNames>
<transferable>true</transferable>
<rely>false</rely>
<columnDependencyConstraintGenerateInDDL>true</columnDependencyConstraintGenerateInDDL>
</FKIndexAssociation>