<?xml version = '1.0' encoding = 'UTF-8'?>
<FKIndexAssociation class="oracle.dbtools.crest.model.design.relational.FKIndexAssociation" directorySegmentName="seg_0" id="850134C3-6F78-CBA6-3C42-0C6DE4710A1F" containerWithKeyObject="4D429175-0985-85AC-2354-3CBF13FCFBCD" localFKIndex="8E546348-7FBF-CF74-E991-D55A6AFCE909" name="FK_ATENCION_MED_MEDICO">
<createdBy>mauri</createdBy>
<createdTime>2025-09-13 21:48:46 UTC</createdTime>
<generatorID>D20A379F-3DF9-91F5-A4AB-79493441973A</generatorID>
<ownerDesignName>CMU_SANRAFAEL</ownerDesignName>
<referredTableLongName>MEDICO</referredTableLongName>
<deleteRule>NO ACTION</deleteRule>
<referredTableID>61E209C8-901A-3F3D-4CDE-4E4ABEDA2284</referredTableID>
<keyObject>68118454-3F90-D735-C998-C87F6AD8C905</keyObject>
<referredKeyID>68118454-3F90-D735-C998-C87F6AD8C905</referredKeyID>
<mandatory>true</mandatory>
<refColNames>rut_medico</refColNames>
<transferable>true</transferable>
<rely>false</rely>
<columnDependencyConstraintGenerateInDDL>true</columnDependencyConstraintGenerateInDDL>
</FKIndexAssociation>