<?xml version = '1.0' encoding = 'UTF-8'?>
<FKIndexAssociation class="oracle.dbtools.crest.model.design.relational.FKIndexAssociation" directorySegmentName="seg_0" id="8B89DBF1-9598-09A5-BAFD-84C5B0C19BAE" containerWithKeyObject="40B269D3-B0B4-A6D9-E3C5-376BBE411FBC" localFKIndex="6831440F-76ED-655D-0DA9-7F4A1AA7EDC4" name="COMUNA_REGION_FK">
<createdBy>mauri</createdBy>
<createdTime>2025-09-13 21:48:46 UTC</createdTime>
<generatorID>F148BE20-679D-8326-6E8A-4F1700809D83</generatorID>
<ownerDesignName>CMU_SANRAFAEL</ownerDesignName>
<referredTableLongName>REGION</referredTableLongName>
<deleteRule>NO ACTION</deleteRule>
<referredTableID>231FB322-0E2B-E506-403C-2DAAD49BD931</referredTableID>
<keyObject>93185E18-1384-7171-1BD0-77B3744D356B</keyObject>
<referredKeyID>93185E18-1384-7171-1BD0-77B3744D356B</referredKeyID>
<mandatory>true</mandatory>
<refColNames>id_region</refColNames>
<transferable>true</transferable>
<rely>false</rely>
<columnDependencyConstraintGenerateInDDL>true</columnDependencyConstraintGenerateInDDL>
</FKIndexAssociation>