<?xml version = '1.0' encoding = 'UTF-8'?>
<FKIndexAssociation class="oracle.dbtools.crest.model.design.relational.FKIndexAssociation" directorySegmentName="seg_0" id="AAE73306-D351-2DE2-BACE-47D44785054E" containerWithKeyObject="4D429175-0985-85AC-2354-3CBF13FCFBCD" localFKIndex="91DCFD8B-2B56-5833-05F7-2A2D5E1BEEF2" name="FK_ATENCION_MED_ESPECIALI">
<createdBy>mauri</createdBy>
<createdTime>2025-09-13 21:48:46 UTC</createdTime>
<generatorID>465AD085-C45E-C0F2-A08C-EB6D2AA82BB6</generatorID>
<ownerDesignName>CMU_SANRAFAEL</ownerDesignName>
<referredTableLongName>ESPECIALIDAD</referredTableLongName>
<deleteRule>NO ACTION</deleteRule>
<referredTableID>DE44D895-7412-C70F-4D42-A4F92B78BDA8</referredTableID>
<keyObject>88518FEA-4C45-A8A4-D29C-A420A14CA3E1</keyObject>
<referredKeyID>88518FEA-4C45-A8A4-D29C-A420A14CA3E1</referredKeyID>
<mandatory>true</mandatory>
<refColNames>id_especialidad</refColNames>
<transferable>true</transferable>
<rely>false</rely>
<columnDependencyConstraintGenerateInDDL>true</columnDependencyConstraintGenerateInDDL>
</FKIndexAssociation>