<?xml version = '1.0' encoding = 'UTF-8'?>
<FKIndexAssociation class="oracle.dbtools.crest.model.design.relational.FKIndexAssociation" directorySegmentName="seg_0" id="AC84B8B7-6D4C-F7AB-955E-886A55DD6FC6" containerWithKeyObject="1F45653D-AC84-B4C3-5E0B-A315EACC8D45" localFKIndex="3B0EF3C4-C294-9D62-2E6A-AFC2C0392841" name="FK_DET_ORD_EXAM_ORD_EXAM">
<createdBy>mauri</createdBy>
<createdTime>2025-09-13 21:48:46 UTC</createdTime>
<generatorID>C3C7C00F-A425-43E0-E548-8F26E90F6275</generatorID>
<ownerDesignName>CMU_SANRAFAEL</ownerDesignName>
<referredTableLongName>ORDEN_EXAMEN</referredTableLongName>
<deleteRule>NO ACTION</deleteRule>
<referredTableID>963C9C52-6616-39F4-2E5C-E9062EB56A76</referredTableID>
<keyObject>D6AA4E93-D613-5318-9408-C523EF7CD798</keyObject>
<referredKeyID>D6AA4E93-D613-5318-9408-C523EF7CD798</referredKeyID>
<mandatory>true</mandatory>
<refColNames>id_orden</refColNames>
<transferable>true</transferable>
<rely>false</rely>
<columnDependencyConstraintGenerateInDDL>true</columnDependencyConstraintGenerateInDDL>
</FKIndexAssociation>