<?xml version = '1.0' encoding = 'UTF-8'?>
<FKIndexAssociation class="oracle.dbtools.crest.model.design.relational.FKIndexAssociation" directorySegmentName="seg_0" id="D7F4B450-8639-CA8F-7BA4-78F4BF78E618" containerWithKeyObject="61E209C8-901A-3F3D-4CDE-4E4ABEDA2284" localFKIndex="C84A1D09-B8D5-661E-8C3E-8A7E7CA2550F" name="FK_MEDICO_AFP">
<createdBy>mauri</createdBy>
<createdTime>2025-09-13 21:48:46 UTC</createdTime>
<generatorID>01E1EB9C-A216-A2F6-BB0E-5FD7BFD76797</generatorID>
<ownerDesignName>CMU_SANRAFAEL</ownerDesignName>
<referredTableLongName>AFP</referredTableLongName>
<deleteRule>NO ACTION</deleteRule>
<referredTableID>C300D5C7-E744-81C8-99D0-87D556F68D1C</referredTableID>
<keyObject>805DF486-734E-2A0C-0077-737C92256063</keyObject>
<referredKeyID>805DF486-734E-2A0C-0077-737C92256063</referredKeyID>
<mandatory>true</mandatory>
<refColNames>cod_afp</refColNames>
<transferable>true</transferable>
<rely>false</rely>
<columnDependencyConstraintGenerateInDDL>true</columnDependencyConstraintGenerateInDDL>
</FKIndexAssociation>